Model,ModelVariant,PartNumber,Availability
What’s new in 2020,199.00,SAT5013,No
What’s new in 2020,199.00,SAT5013,No
What’s new in 2020,199.00,SAT5014,No
What’s new in 2020,199.00,SAT5014,No
What’s new in 2020,199.00,SAT5015,No
What’s new in 2020,199.00,SAT5015,No
MY20 Liberty sedan,2.5i,J1010AL310,No
MY20 Liberty sedan,2.5P,J1010AL310,Yes
MY20 Liberty sedan,3.6R,J1010AL310,Yes
MY20 Liberty sedan,2.5i,J1010AL310K,No
MY20 Liberty sedan,2.5P,J1010AL310K,No
MY20 Liberty sedan,3.6R,J1010AL310K,Yes
MY20 Liberty sedan,2.5i,B3110VA500K,Yes
MY20 Liberty sedan,2.5P,B3110VA500K,Yes
MY20 Liberty sedan,3.6R,B3110VA500K,Yes
MY20 Liberty sedan,2.5i,B3110VA600K,Yes
MY20 Liberty sedan,2.5P,B3110VA600K,Yes
MY20 Liberty sedan,3.6R,B3110VA600K,Yes
MY20 Liberty sedan,2.5i,J101AAL010,No
MY20 Liberty sedan,2.5P,J101AAL010,Yes
MY20 Liberty sedan,3.6R,J101AAL010,Yes
MY20 Liberty sedan,2.5i,F0010AL700,Yes
MY20 Liberty sedan,2.5P,F0010AL700,Yes
MY20 Liberty sedan,3.6R,F0010AL700,Yes
MY20 Liberty sedan,2.5i,J1010AL001NN,No
MY20 Liberty sedan,2.5P,J1010AL001NN,Yes
MY20 Liberty sedan,3.6R,J1010AL001NN,Yes
MY20 Liberty sedan,2.5i,J1010AL101NN,No
MY20 Liberty sedan,2.5P,J1010AL101NN,No
MY20 Liberty sedan,3.6R,J1010AL101NN,Yes
MY20 Liberty sedan,2.5i,J1010AL024NN,Yes
MY20 Liberty sedan,2.5P,J1010AL024NN,Yes
MY20 Liberty sedan,3.6R,J1010AL024NN,Yes
MY20 Liberty sedan,2.5i,F4110SG000,Yes
MY20 Liberty sedan,2.5P,F4110SG000,Yes
MY20 Liberty sedan,3.6R,F4110SG000,Yes
MY20 Liberty sedan,2.5i,J5010AL000,Yes
MY20 Liberty sedan,2.5P,J5010AL000,Yes
MY20 Liberty sedan,3.6R,J5010AL000,Yes
MY20 Liberty sedan,2.5i,J5010AL100,Yes
MY20 Liberty sedan,2.5P,J5010AL100,Yes
MY20 Liberty sedan,3.6R,J5010AL100,Yes
MY20 Liberty sedan,2.5i,J1010AL600##,Yes
MY20 Liberty sedan,2.5P,J1010AL600##,Yes
MY20 Liberty sedan,3.6R,J1010AL600##,Yes
MY20 Liberty sedan,2.5i,J1010AL600NN,Yes
MY20 Liberty sedan,2.5P,J1010AL600NN,Yes
MY20 Liberty sedan,3.6R,J1010AL600NN,Yes
MY20 Liberty sedan,2.5i,SAT2017,Yes
MY20 Liberty sedan,2.5P,SAT2017,Yes
MY20 Liberty sedan,3.6R,SAT2017,Yes
MY20 Liberty sedan,2.5i,SAT6003,Yes
MY20 Liberty sedan,2.5P,SAT6003,Yes
MY20 Liberty sedan,3.6R,SAT6003,Yes
MY20 Liberty sedan,2.5i,L101AAL012,Yes
MY20 Liberty sedan,2.5P,L101AAL012,Yes
MY20 Liberty sedan,3.6R,L101AAL012,Yes
MY20 Liberty sedan,2.5i,J501AAL100,Yes
MY20 Liberty sedan,2.5P,J501AAL100,Yes
MY20 Liberty sedan,3.6R,J501AAL100,Yes
MY20 Liberty sedan,2.5i,SAT3011,Yes
MY20 Liberty sedan,2.5P,SAT3011,Yes
MY20 Liberty sedan,3.6R,SAT3011,Yes
MY20 Liberty sedan,2.5i,SAT8023,Yes
MY20 Liberty sedan,2.5P,SAT8023,Yes
MY20 Liberty sedan,3.6R,SAT8023,Yes
MY20 Liberty sedan,2.5i,SAT8024,Yes
MY20 Liberty sedan,2.5P,SAT8024,Yes
MY20 Liberty sedan,3.6R,SAT8024,Yes
MY20 Liberty sedan,2.5i,SAT8028,Yes
MY20 Liberty sedan,2.5P,SAT8028,Yes
MY20 Liberty sedan,3.6R,SAT8028,Yes
MY20 Liberty sedan,2.5i,SAT8018,Yes
MY20 Liberty sedan,2.5P,SAT8018,Yes
MY20 Liberty sedan,3.6R,SAT8018,Yes
MY20 Liberty sedan,2.5i,SAT8019,Yes
MY20 Liberty sedan,2.5P,SAT8019,Yes
MY20 Liberty sedan,3.6R,SAT8019,Yes
MY20 Liberty sedan,2.5i,SA1042,Yes
MY20 Liberty sedan,2.5P,SA1042,Yes
MY20 Liberty sedan,3.6R,SA1042,Yes
MY20 Liberty sedan,2.5i,SAT9012,Yes
MY20 Liberty sedan,2.5P,SAT9012,Yes
MY20 Liberty sedan,3.6R,SAT9012,Yes
MY20 Liberty sedan,2.5i,SAT9013,Yes
MY20 Liberty sedan,2.5P,SAT9013,Yes
MY20 Liberty sedan,3.6R,SAT9013,Yes
MY20 Liberty sedan,2.5i,SA1139,Yes
MY20 Liberty sedan,2.5P,SA1139,Yes
MY20 Liberty sedan,3.6R,SA1139,Yes
MY20 Liberty sedan,2.5i,SAT9018,Yes
MY20 Liberty sedan,2.5P,SAT9018,Yes
MY20 Liberty sedan,3.6R,SAT9018,Yes
MY20 Liberty sedan,2.5i,SAT8016,Yes
MY20 Liberty sedan,2.5P,SAT8016,Yes
MY20 Liberty sedan,3.6R,SAT8016,Yes
MY20 Liberty sedan,2.5i,SAT5013,Yes
MY20 Liberty sedan,2.5P,SAT5013,Yes
MY20 Liberty sedan,3.6R,SAT5013,Yes
MY20 Liberty sedan,2.5i,SAT5014,Yes
MY20 Liberty sedan,2.5P,SAT5014,Yes
MY20 Liberty sedan,3.6R,SAT5014,Yes
MY20 Liberty sedan,2.5i,SAT5015,Yes
MY20 Liberty sedan,2.5P,SAT5015,Yes
MY20 Liberty sedan,3.6R,SAT5015,Yes
MY20 Liberty sedan,2.5i,SAT8030,Yes
MY20 Liberty sedan,2.5P,SAT8030,Yes
MY20 Liberty sedan,3.6R,SAT8030,Yes
MY20 Liberty sedan,2.5i,SAT9004,Yes
MY20 Liberty sedan,2.5P,SAT9004,Yes
MY20 Liberty sedan,3.6R,SAT9004,Yes
MY20 Liberty sedan,2.5i,SAP925,Yes
MY20 Liberty sedan,2.5P,SAP925,Yes
MY20 Liberty sedan,3.6R,SAP925,Yes
MY20 Liberty sedan,2.5i,SAP927,Yes
MY20 Liberty sedan,2.5P,SAP927,Yes
MY20 Liberty sedan,3.6R,SAP927,Yes
MY20 Liberty sedan,2.5i,B327EYA000,Yes
MY20 Liberty sedan,2.5P,B327EYA000,Yes
MY20 Liberty sedan,3.6R,B327EYA000,Yes
MY20 Liberty sedan,2.5i,H481AAL400##,Yes
MY20 Liberty sedan,2.5P,H481AAL400##,Yes
MY20 Liberty sedan,3.6R,H481AAL400##,Yes
MY20 Liberty sedan,2.5i,H481AAL300##,Yes
MY20 Liberty sedan,2.5P,H481AAL300##,Yes
MY20 Liberty sedan,3.6R,H481AAL300##,Yes
MY20 Liberty sedan,2.5i,H6710AL010,Yes
MY20 Liberty sedan,2.5P,H6710AL010,Yes
MY20 Liberty sedan,3.6R,H6710AL010,Yes
MY20 Liberty sedan,2.5i,92172AG040,Yes
MY20 Liberty sedan,2.5P,92172AG040,Yes
MY20 Liberty sedan,3.6R,92172AG040,Yes
MY20 Liberty sedan,2.5i,SAT9007,Yes
MY20 Liberty sedan,2.5P,SAT9007,Yes
MY20 Liberty sedan,3.6R,SAT9007,Yes
MY20 Liberty sedan,2.5i,0101253000,Yes
MY20 Liberty sedan,2.5P,0101253000,Yes
MY20 Liberty sedan,3.6R,0101253000,Yes
MY20 Liberty sedan,2.5i,ST96020BB050A,Yes
MY20 Liberty sedan,2.5P,ST96020BB050A,Yes
MY20 Liberty sedan,3.6R,ST96020BB050A,Yes
MY20 Liberty sedan,2.5i,C1010AL000,Yes
MY20 Liberty sedan,2.5P,C1010AL000,Yes
MY20 Liberty sedan,3.6R,C1010AL000,Yes
MY20 Liberty sedan,2.5i,E4010AL000,Yes
MY20 Liberty sedan,2.5P,E4010AL000,Yes
MY20 Liberty sedan,3.6R,E4010AL000,Yes
MY20 Liberty sedan,2.5i,B3110AL031K,Yes
MY20 Liberty sedan,2.5P,B3110AL031K,Yes
MY20 Liberty sedan,3.6R,B3110AL031K,Yes
MY20 Liberty sedan,2.5i,B3110AL041K,Yes
MY20 Liberty sedan,2.5P,B3110AL041K,Yes
MY20 Liberty sedan,3.6R,B3110AL041K,Yes
MY20 Liberty sedan,2.5i,B3110AL051K,Yes
MY20 Liberty sedan,2.5P,B3110AL051K,Yes
MY20 Liberty sedan,3.6R,B3110AL051K,Yes
MY20 Liberty sedan,2.5i,ST28170ST060,Yes
MY20 Liberty sedan,2.5P,ST28170ST060,Yes
MY20 Liberty sedan,3.6R,ST28170ST060,Yes
MY20 Liberty sedan,2.5i,ST28102ST030,Yes
MY20 Liberty sedan,2.5P,ST28102ST030,Yes
MY20 Liberty sedan,3.6R,ST28102ST030,Yes
MY20 Outback,2.5i,J1010AL310,No
MY20 Outback,2.5X,J1010AL310,No
MY20 Outback,2.5P,J1010AL310,No
MY20 Outback,3.6R,J1010AL310,Yes
MY20 Outback,2.0D,J1010AL310,Yes
MY20 Outback,2.0D,J1010AL310,Yes
MY20 Outback,2.5i,J1010AL310K,No
MY20 Outback,2.5X,J1010AL310K,No
MY20 Outback,2.5P,J1010AL310K,No
MY20 Outback,3.6R,J1010AL310K,No
MY20 Outback,2.0D,J1010AL310K,No
MY20 Outback,2.0D,J1010AL310K,Yes
MY20 Outback,2.5i,J5010AL000,Yes
MY20 Outback,2.5X,J5010AL000,Yes
MY20 Outback,2.5P,J5010AL000,Yes
MY20 Outback,3.6R,J5010AL000,Yes
MY20 Outback,2.0D,J5010AL000,Yes
MY20 Outback,2.0D,J5010AL000,Yes
MY20 Outback,2.5i,J5010AL100,Yes
MY20 Outback,2.5X,J5010AL100,Yes
MY20 Outback,2.5P,J5010AL100,Yes
MY20 Outback,3.6R,J5010AL100,Yes
MY20 Outback,2.0D,J5010AL100,Yes
MY20 Outback,2.0D,J5010AL100,Yes
MY20 Outback,2.5i,J101AAL010,No
MY20 Outback,2.5X,J101AAL010,No
MY20 Outback,2.5P,J101AAL010,Yes
MY20 Outback,3.6R,J101AAL010,Yes
MY20 Outback,2.0D,J101AAL010,Yes
MY20 Outback,2.0D,J101AAL010,Yes
MY20 Outback,2.5i,E771SAL001,Yes
MY20 Outback,2.5X,E771SAL001,Yes
MY20 Outback,2.5P,E771SAL001,Yes
MY20 Outback,3.6R,E771SAL001,Yes
MY20 Outback,2.0D,E771SAL001,Yes
MY20 Outback,2.0D,E771SAL001,Yes
MY20 Outback,2.5i,E7710AL000,Yes
MY20 Outback,2.5X,E7710AL000,Yes
MY20 Outback,2.5P,E7710AL000,Yes
MY20 Outback,3.6R,E7710AL000,Yes
MY20 Outback,2.0D,E7710AL000,Yes
MY20 Outback,2.0D,E7710AL000,Yes
MY20 Outback,2.5i,F0010AL300,Yes
MY20 Outback,2.5X,F0010AL300,Yes
MY20 Outback,2.5P,F0010AL300,Yes
MY20 Outback,3.6R,F0010AL300,Yes
MY20 Outback,2.0D,F0010AL300,Yes
MY20 Outback,2.0D,F0010AL300,Yes
MY20 Outback,2.5i,J1010AL201,Yes
MY20 Outback,2.5X,J1010AL201,Standard
MY20 Outback,2.5P,J1010AL201,Standard
MY20 Outback,3.6R,J1010AL201,Standard
MY20 Outback,2.0D,J1010AL201,Yes
MY20 Outback,2.0D,J1010AL201,Standard
MY20 Outback,2.5i,E2010AL300,Yes
MY20 Outback,2.5X,E2010AL300,Standard
MY20 Outback,2.5P,E2010AL300,Standard
MY20 Outback,3.6R,E2010AL300,Standard
MY20 Outback,2.0D,E2010AL300,Yes
MY20 Outback,2.0D,E2010AL300,Standard
MY20 Outback,2.5i,F4110SG000,Yes
MY20 Outback,2.5X,F4110SG000,Yes
MY20 Outback,2.5P,F4110SG000,Yes
MY20 Outback,3.6R,F4110SG000,Yes
MY20 Outback,2.0D,F4110SG000,Yes
MY20 Outback,2.0D,F4110SG000,Yes
MY20 Outback,2.5i,J1010AL650##,Yes
MY20 Outback,2.5X,J1010AL650##,Yes
MY20 Outback,2.5P,J1010AL650##,Yes
MY20 Outback,3.6R,J1010AL650##,Yes
MY20 Outback,2.0D,J1010AL650##,Yes
MY20 Outback,2.0D,J1010AL650##,Yes
MY20 Outback,2.5i,J1010AL650NN,Yes
MY20 Outback,2.5X,J1010AL650NN,Yes
MY20 Outback,2.5P,J1010AL650NN,Yes
MY20 Outback,3.6R,J1010AL650NN,Yes
MY20 Outback,2.0D,J1010AL650NN,Yes
MY20 Outback,2.0D,J1010AL650NN,Yes
MY20 Outback,2.5i,SAT2018,Yes
MY20 Outback,2.5X,SAT2018,Yes
MY20 Outback,2.5P,SAT2018,Yes
MY20 Outback,3.6R,SAT2018,Yes
MY20 Outback,2.0D,SAT2018,Yes
MY20 Outback,2.0D,SAT2018,Yes
MY20 Outback,2.5i,SAT6003,Yes
MY20 Outback,2.5X,SAT6003,Yes
MY20 Outback,2.5P,SAT6003,Yes
MY20 Outback,3.6R,SAT6003,Yes
MY20 Outback,2.0D,SAT6003,Yes
MY20 Outback,2.0D,SAT6003,Yes
MY20 Outback,2.5i,F551AAL000,Yes
MY20 Outback,2.5X,F551AAL000,Yes
MY20 Outback,2.5P,F551AAL000,Yes
MY20 Outback,3.6R,F551AAL000,Yes
MY20 Outback,2.0D,F551AAL000,Yes
MY20 Outback,2.0D,F551AAL000,Yes
MY20 Outback,2.5i,F551AAL500,Yes
MY20 Outback,2.5X,F551AAL500,Yes
MY20 Outback,2.5P,F551AAL500,Yes
MY20 Outback,3.6R,F551AAL500,Yes
MY20 Outback,2.0D,F551AAL500,Yes
MY20 Outback,2.0D,F551AAL500,Yes
MY20 Outback,2.5i,J501AAL000,Yes
MY20 Outback,2.5X,J501AAL000,Yes
MY20 Outback,2.5P,J501AAL000,Yes
MY20 Outback,3.6R,J501AAL000,Yes
MY20 Outback,2.0D,J501AAL000,Yes
MY20 Outback,2.0D,J501AAL000,Yes
MY20 Outback,2.5i,F551SAL000,Yes
MY20 Outback,2.5X,F551SAL000,Yes
MY20 Outback,2.5P,F551SAL000,Yes
MY20 Outback,3.6R,F551SAL000,Yes
MY20 Outback,2.0D,F551SAL000,Yes
MY20 Outback,2.0D,F551SAL000,Yes
MY20 Outback,2.5i,F551SAL010,Yes
MY20 Outback,2.5X,F551SAL010,Yes
MY20 Outback,2.5P,F551SAL010,Yes
MY20 Outback,3.6R,F551SAL010,Yes
MY20 Outback,2.0D,F551SAL010,Yes
MY20 Outback,2.0D,F551SAL010,Yes
MY20 Outback,2.5i,L101AAL002,Yes
MY20 Outback,2.5X,L101AAL002,Yes
MY20 Outback,2.5P,L101AAL002,Yes
MY20 Outback,3.6R,L101AAL002,Yes
MY20 Outback,2.0D,L101AAL002,Yes
MY20 Outback,2.0D,L101AAL002,Yes
MY20 Outback,2.5i,H6710AL100,Yes
MY20 Outback,2.5X,H6710AL100,Yes
MY20 Outback,2.5P,H6710AL100,Yes
MY20 Outback,3.6R,H6710AL100,Yes
MY20 Outback,2.0D,H6710AL100,Yes
MY20 Outback,2.0D,H6710AL100,Yes
MY20 Outback,2.5i,SAT8011,Yes
MY20 Outback,2.5X,SAT8011,Yes
MY20 Outback,2.5P,SAT8011,Yes
MY20 Outback,3.6R,SAT8011,Yes
MY20 Outback,2.0D,SAT8011,Yes
MY20 Outback,2.0D,SAT8011,Yes
MY20 Outback,2.5i,SAT8027,Yes
MY20 Outback,2.5X,SAT8027,Yes
MY20 Outback,2.5P,SAT8027,Yes
MY20 Outback,3.6R,SAT8027,Yes
MY20 Outback,2.0D,SAT8027,Yes
MY20 Outback,2.0D,SAT8027,Yes
MY20 Outback,2.5i,SAT8012,Yes
MY20 Outback,2.5X,SAT8012,Yes
MY20 Outback,2.5P,SAT8012,Yes
MY20 Outback,3.6R,SAT8012,Yes
MY20 Outback,2.0D,SAT8012,Yes
MY20 Outback,2.0D,SAT8012,Yes
MY20 Outback,2.5i,SAT8023,Yes
MY20 Outback,2.5X,SAT8023,Yes
MY20 Outback,2.5P,SAT8023,Yes
MY20 Outback,3.6R,SAT8023,Yes
MY20 Outback,2.0D,SAT8023,Yes
MY20 Outback,2.0D,SAT8023,Yes
MY20 Outback,2.5i,SAT8024,Yes
MY20 Outback,2.5X,SAT8024,Yes
MY20 Outback,2.5P,SAT8024,Yes
MY20 Outback,3.6R,SAT8024,Yes
MY20 Outback,2.0D,SAT8024,Yes
MY20 Outback,2.0D,SAT8024,Yes
MY20 Outback,2.5i,SAT9018,Yes
MY20 Outback,2.5X,SAT9018,Yes
MY20 Outback,2.5P,SAT9018,Yes
MY20 Outback,3.6R,SAT9018,Yes
MY20 Outback,2.0D,SAT9018,Yes
MY20 Outback,2.0D,SAT9018,Yes
MY20 Outback,2.5i,SAT8016,Yes
MY20 Outback,2.5X,SAT8016,Yes
MY20 Outback,2.5P,SAT8016,Yes
MY20 Outback,3.6R,SAT8016,Yes
MY20 Outback,2.0D,SAT8016,Yes
MY20 Outback,2.0D,SAT8016,Yes
MY20 Outback,2.5i,SAT8017,Yes
MY20 Outback,2.5X,SAT8017,Yes
MY20 Outback,2.5P,SAT8017,Yes
MY20 Outback,3.6R,SAT8017,Yes
MY20 Outback,2.0D,SAT8017,Yes
MY20 Outback,2.0D,SAT8017,Yes
MY20 Outback,2.5i,SAT5013,Yes
MY20 Outback,2.5X,SAT5013,Yes
MY20 Outback,2.5P,SAT5013,Yes
MY20 Outback,3.6R,SAT5013,Yes
MY20 Outback,2.0D,SAT5013,Yes
MY20 Outback,2.0D,SAT5013,Yes
MY20 Outback,2.5i,SAT5014,Yes
MY20 Outback,2.5X,SAT5014,Yes
MY20 Outback,2.5P,SAT5014,Yes
MY20 Outback,3.6R,SAT5014,Yes
MY20 Outback,2.0D,SAT5014,Yes
MY20 Outback,2.0D,SAT5014,Yes
MY20 Outback,2.5i,SAT5015,Yes
MY20 Outback,2.5X,SAT5015,Yes
MY20 Outback,2.5P,SAT5015,Yes
MY20 Outback,3.6R,SAT5015,Yes
MY20 Outback,2.0D,SAT5015,Yes
MY20 Outback,2.0D,SAT5015,Yes
MY20 Outback,2.5i,SAT8030,Yes
MY20 Outback,2.5X,SAT8030,Yes
MY20 Outback,2.5P,SAT8030,Yes
MY20 Outback,3.6R,SAT8030,Yes
MY20 Outback,2.0D,SAT8030,Yes
MY20 Outback,2.0D,SAT8030,Yes
MY20 Outback,2.5i,SAT9004,Yes
MY20 Outback,2.5X,SAT9004,Yes
MY20 Outback,2.5P,SAT9004,Yes
MY20 Outback,3.6R,SAT9004,Yes
MY20 Outback,2.0D,SAT9004,Yes
MY20 Outback,2.0D,SAT9004,Yes
MY20 Outback,2.5i,SAP925,Yes
MY20 Outback,2.5X,SAP925,Yes
MY20 Outback,2.5P,SAP925,Yes
MY20 Outback,3.6R,SAP925,Yes
MY20 Outback,2.0D,SAP925,Yes
MY20 Outback,2.0D,SAP925,Yes
MY20 Outback,2.5i,SAP927,Yes
MY20 Outback,2.5X,SAP927,Yes
MY20 Outback,2.5P,SAP927,Yes
MY20 Outback,3.6R,SAP927,Yes
MY20 Outback,2.0D,SAP927,Yes
MY20 Outback,2.0D,SAP927,Yes
MY20 Outback,2.5i,B327EYA000,Yes
MY20 Outback,2.5X,B327EYA000,Yes
MY20 Outback,2.5P,B327EYA000,Yes
MY20 Outback,3.6R,B327EYA000,Yes
MY20 Outback,2.0D,B327EYA000,Yes
MY20 Outback,2.0D,B327EYA000,Yes
MY20 Outback,2.5i,H481AAL200##,Yes
MY20 Outback,2.5X,H481AAL200##,Yes
MY20 Outback,2.5P,H481AAL200##,Yes
MY20 Outback,3.6R,H481AAL200##,Yes
MY20 Outback,2.0D,H481AAL200##,Yes
MY20 Outback,2.0D,H481AAL200##,Yes
MY20 Outback,2.5i,H481AAL500,Yes
MY20 Outback,2.5X,H481AAL500,Yes
MY20 Outback,2.5P,H481AAL500,Yes
MY20 Outback,3.6R,H481AAL500,Yes
MY20 Outback,2.0D,H481AAL500,Yes
MY20 Outback,2.0D,H481AAL500,Yes
MY20 Outback,2.5i,H6710AL010,Yes
MY20 Outback,2.5X,H6710AL010,Yes
MY20 Outback,2.5P,H6710AL010,Yes
MY20 Outback,3.6R,H6710AL010,Yes
MY20 Outback,2.0D,H6710AL010,Yes
MY20 Outback,2.0D,H6710AL010,Yes
MY20 Outback,2.5i,92172AG040,Yes
MY20 Outback,2.5X,92172AG040,Yes
MY20 Outback,2.5P,92172AG040,Yes
MY20 Outback,3.6R,92172AG040,Yes
MY20 Outback,2.0D,92172AG040,Yes
MY20 Outback,2.0D,92172AG040,Yes
MY20 Outback,2.5i,SAT9007,Yes
MY20 Outback,2.5X,SAT9007,Yes
MY20 Outback,2.5P,SAT9007,Yes
MY20 Outback,3.6R,SAT9007,Yes
MY20 Outback,2.0D,SAT9007,Yes
MY20 Outback,2.0D,SAT9007,Yes
MY20 Outback,2.5i,0101253000,Yes
MY20 Outback,2.5X,0101253000,Yes
MY20 Outback,2.5P,0101253000,Yes
MY20 Outback,3.6R,0101253000,Yes
MY20 Outback,2.0D,0101253000,Yes
MY20 Outback,2.0D,0101253000,Yes
MY20 Outback,2.5i,C1010AL000,Yes
MY20 Outback,2.5X,C1010AL000,Yes
MY20 Outback,2.5P,C1010AL000,Yes
MY20 Outback,3.6R,C1010AL000,Yes
MY20 Outback,2.0D,C1010AL000,Yes
MY20 Outback,2.0D,C1010AL000,Yes
MY20 Outback,2.5i,E4010AL000,Yes
MY20 Outback,2.5X,E4010AL000,Yes
MY20 Outback,2.5P,E4010AL000,Yes
MY20 Outback,3.6R,E4010AL000,Yes
MY20 Outback,2.0D,E4010AL000,Yes
MY20 Outback,2.0D,E4010AL000,Yes
MY20 Outback accessories,2.5i,SAK9182,No
MY20 Outback accessories,2.0D,SAK9182,No
MY20 Outback accessories,2.5i,SAK9182,No
MY20 Outback accessories,2.0D,SAK9182,No
MY20 Levorg,1.6,E1010VA200,Yes
MY20 Levorg,1.6,E1010VA200,Yes
MY20 Levorg,2.0,E1010VA200,Yes
MY20 Levorg,2.0,E1010VA200,Yes
MY20 Levorg,1.6,E1010VA300,Yes
MY20 Levorg,1.6,E1010VA300,Yes
MY20 Levorg,2.0,E1010VA300,Yes
MY20 Levorg,2.0,E1010VA300,Yes
MY20 Levorg,1.6,B3110VA500K,Yes
MY20 Levorg,1.6,B3110VA500K,Yes
MY20 Levorg,2.0,B3110VA500K,Yes
MY20 Levorg,2.0,B3110VA500K,Yes
MY20 Levorg,1.6,B3110VA600K,Yes
MY20 Levorg,1.6,B3110VA600K,Yes
MY20 Levorg,2.0,B3110VA600K,Yes
MY20 Levorg,2.0,B3110VA600K,Yes
MY20 Levorg,1.6,J1010VA300##,No
MY20 Levorg,1.6,J1010VA300##,No
MY20 Levorg,2.0,J1010VA300##,No
MY20 Levorg,2.0,J1010VA300##,Yes
MY20 Levorg,1.6,E2410VA210NN,No
MY20 Levorg,1.6,E2410VA210NN,Yes
MY20 Levorg,2.0,E2410VA210NN,Yes
MY20 Levorg,2.0,E2410VA210NN,Yes
MY20 Levorg,1.6,E7210VA200NN,Yes
MY20 Levorg,1.6,E7210VA200NN,Yes
MY20 Levorg,2.0,E7210VA200NN,Yes
MY20 Levorg,2.0,E7210VA200NN,Yes
MY20 Levorg,1.6,E5610VA600##,Yes
MY20 Levorg,1.6,E5610VA600##,Yes
MY20 Levorg,2.0,E5610VA600##,Yes
MY20 Levorg,2.0,E5610VA600##,Yes
MY20 Levorg,1.6,J1210VA010NN,Yes
MY20 Levorg,1.6,J1210VA010NN,Yes
MY20 Levorg,2.0,J1210VA010NN,Yes
MY20 Levorg,2.0,J1210VA010NN,Yes
MY20 Levorg,1.6,E5610VA200,Yes
MY20 Levorg,1.6,E5610VA200,Yes
MY20 Levorg,2.0,E5610VA200,Yes
MY20 Levorg,2.0,E5610VA200,Yes
MY20 Levorg,1.6,J1310VA050,Yes
MY20 Levorg,1.6,J1310VA050,Yes
MY20 Levorg,2.0,J1310VA050,Yes
MY20 Levorg,2.0,J1310VA050,Yes
MY20 Levorg,1.6,J1310VA070,Yes
MY20 Levorg,1.6,J1310VA070,Yes
MY20 Levorg,2.0,J1310VA070,Yes
MY20 Levorg,2.0,J1310VA070,Yes
MY20 Levorg,1.6,J1210VA300,Yes
MY20 Levorg,1.6,J1210VA300,Yes
MY20 Levorg,2.0,J1210VA300,Yes
MY20 Levorg,2.0,J1210VA300,Yes
MY20 Levorg,1.6,J1210VA310,Yes
MY20 Levorg,1.6,J1210VA310,Yes
MY20 Levorg,2.0,J1210VA310,Yes
MY20 Levorg,2.0,J1210VA310,Yes
MY20 Levorg,1.6,J1210VA320,Yes
MY20 Levorg,1.6,J1210VA320,Yes
MY20 Levorg,2.0,J1210VA320,Yes
MY20 Levorg,2.0,J1210VA320,Yes
MY20 Levorg,1.6,J1210VA330,Yes
MY20 Levorg,1.6,J1210VA330,Yes
MY20 Levorg,2.0,J1210VA330,Yes
MY20 Levorg,2.0,J1210VA330,Yes
MY20 Levorg,1.6,J1210VA360,Yes
MY20 Levorg,1.6,J1210VA360,Yes
MY20 Levorg,2.0,J1210VA360,Yes
MY20 Levorg,2.0,J1210VA360,Yes
MY20 Levorg,1.6,J1210VA370,Yes
MY20 Levorg,1.6,J1210VA370,Yes
MY20 Levorg,2.0,J1210VA370,Yes
MY20 Levorg,2.0,J1210VA370,Yes
MY20 Levorg,1.6,J1210VA380,Yes
MY20 Levorg,1.6,J1210VA380,Yes
MY20 Levorg,2.0,J1210VA380,Yes
MY20 Levorg,2.0,J1210VA380,Yes
MY20 Levorg,1.6,J1210VA390,Yes
MY20 Levorg,1.6,J1210VA390,Yes
MY20 Levorg,2.0,J1210VA390,Yes
MY20 Levorg,2.0,J1210VA390,Yes
MY20 Levorg,1.6,J501AVA300,Yes
MY20 Levorg,1.6,J501AVA300,Yes
MY20 Levorg,2.0,J501AVA300,Yes
MY20 Levorg,2.0,J501AVA300,Yes
MY20 Levorg,1.6,J5010VA100,Yes
MY20 Levorg,1.6,J5010VA100,Yes
MY20 Levorg,2.0,J5010VA100,Yes
MY20 Levorg,2.0,J5010VA100,Yes
MY20 Levorg,1.6,J1010VA600NN,Yes
MY20 Levorg,1.6,J1010VA600NN,Yes
MY20 Levorg,2.0,J1010VA600NN,Yes
MY20 Levorg,2.0,J1010VA600NN,Yes
MY20 Levorg,1.6,J1010VA001NN,Yes
MY20 Levorg,1.6,J1010VA001NN,Yes
MY20 Levorg,2.0,J1010VA001NN,Yes
MY20 Levorg,2.0,J1010VA001NN,Yes
MY20 Levorg,1.6,J1010VA004NN,Yes
MY20 Levorg,1.6,J1010VA004NN,Yes
MY20 Levorg,2.0,J1010VA004NN,Yes
MY20 Levorg,2.0,J1010VA004NN,Yes
MY20 Levorg,1.6,F0010VA000,Yes
MY20 Levorg,1.6,F0010VA000,Yes
MY20 Levorg,2.0,F0010VA000,Yes
MY20 Levorg,2.0,F0010VA000,Yes
MY20 Levorg,1.6,E7710VA000,Yes
MY20 Levorg,1.6,E7710VA000,Yes
MY20 Levorg,2.0,E7710VA000,Yes
MY20 Levorg,2.0,E7710VA000,Yes
MY20 Levorg,1.6,E7710VA010,Yes
MY20 Levorg,1.6,E7710VA010,Yes
MY20 Levorg,2.0,E7710VA010,Yes
MY20 Levorg,2.0,E7710VA010,Yes
MY20 Levorg,1.6,SAT6003,Yes
MY20 Levorg,1.6,SAT6003,Yes
MY20 Levorg,2.0,SAT6003,Yes
MY20 Levorg,2.0,SAT6003,Yes
MY20 Levorg,1.6,L101AVA011,Yes
MY20 Levorg,1.6,L101AVA011,Yes
MY20 Levorg,2.0,L101AVA011,Yes
MY20 Levorg,2.0,L101AVA011,Yes
MY20 Levorg,1.6,SAT3020,Yes
MY20 Levorg,1.6,SAT3020,Yes
MY20 Levorg,2.0,SAT3020,Yes
MY20 Levorg,2.0,SAT3020,Yes
MY20 Levorg,1.6,SAT3016,Yes
MY20 Levorg,1.6,SAT3016,Yes
MY20 Levorg,2.0,SAT3016,Yes
MY20 Levorg,2.0,SAT3016,Yes
MY20 Levorg,1.6,J515EVA000,Yes
MY20 Levorg,1.6,J515EVA000,Yes
MY20 Levorg,2.0,J515EVA000,Yes
MY20 Levorg,2.0,J515EVA000,Yes
MY20 Levorg,1.6,J5010VA350,Yes
MY20 Levorg,1.6,J5010VA350,Yes
MY20 Levorg,2.0,J5010VA350,Yes
MY20 Levorg,2.0,J5010VA350,Yes
MY20 Levorg,1.6,F551EVA000,Yes
MY20 Levorg,1.6,F551EVA000,Yes
MY20 Levorg,2.0,F551EVA000,Yes
MY20 Levorg,2.0,F551EVA000,Yes
MY20 Levorg,1.6,SAT8028,Yes
MY20 Levorg,1.6,SAT8028,Yes
MY20 Levorg,2.0,SAT8028,Yes
MY20 Levorg,2.0,SAT8028,Yes
MY20 Levorg,1.6,SA1042,Yes
MY20 Levorg,1.6,SA1042,Yes
MY20 Levorg,2.0,SA1042,Yes
MY20 Levorg,2.0,SA1042,Yes
MY20 Levorg,1.6,SAT9012,Yes
MY20 Levorg,1.6,SAT9012,Yes
MY20 Levorg,2.0,SAT9012,Yes
MY20 Levorg,2.0,SAT9012,Yes
MY20 Levorg,1.6,SAT9013,Yes
MY20 Levorg,1.6,SAT9013,Yes
MY20 Levorg,2.0,SAT9013,Yes
MY20 Levorg,2.0,SAT9013,Yes
MY20 Levorg,1.6,SA1139,Yes
MY20 Levorg,1.6,SA1139,Yes
MY20 Levorg,2.0,SA1139,Yes
MY20 Levorg,2.0,SA1139,Yes
MY20 Levorg,1.6,SAT8023,Yes
MY20 Levorg,1.6,SAT8023,Yes
MY20 Levorg,2.0,SAT8023,Yes
MY20 Levorg,2.0,SAT8023,Yes
MY20 Levorg,1.6,SAT8024,Yes
MY20 Levorg,1.6,SAT8024,Yes
MY20 Levorg,2.0,SAT8024,Yes
MY20 Levorg,2.0,SAT8024,Yes
MY20 Levorg,1.6,SAT9018,Yes
MY20 Levorg,1.6,SAT9018,Yes
MY20 Levorg,2.0,SAT9018,Yes
MY20 Levorg,2.0,SAT9018,Yes
MY20 Levorg,1.6,SAT8016,Yes
MY20 Levorg,1.6,SAT8016,Yes
MY20 Levorg,2.0,SAT8016,Yes
MY20 Levorg,2.0,SAT8016,Yes
MY20 Levorg,1.6,SAT8018,Yes
MY20 Levorg,1.6,SAT8018,Yes
MY20 Levorg,2.0,SAT8018,Yes
MY20 Levorg,2.0,SAT8018,Yes
MY20 Levorg,1.6,SAT8019,Yes
MY20 Levorg,1.6,SAT8019,Yes
MY20 Levorg,2.0,SAT8019,Yes
MY20 Levorg,2.0,SAT8019,Yes
MY20 Levorg,1.6,SAT5013,Yes
MY20 Levorg,1.6,SAT5013,Yes
MY20 Levorg,2.0,SAT5013,Yes
MY20 Levorg,2.0,SAT5013,Yes
MY20 Levorg,1.6,SAT5014,Yes
MY20 Levorg,1.6,SAT5014,Yes
MY20 Levorg,2.0,SAT5014,Yes
MY20 Levorg,2.0,SAT5014,Yes
MY20 Levorg,1.6,SAT5015,Yes
MY20 Levorg,1.6,SAT5015,Yes
MY20 Levorg,2.0,SAT5015,Yes
MY20 Levorg,2.0,SAT5015,Yes
MY20 Levorg,1.6,SAT8030,Yes
MY20 Levorg,1.6,SAT8030,Yes
MY20 Levorg,2.0,SAT8030,Yes
MY20 Levorg,2.0,SAT8030,Yes
MY20 Levorg,1.6,SAT9004,Yes
MY20 Levorg,1.6,SAT9004,Yes
MY20 Levorg,2.0,SAT9004,Yes
MY20 Levorg,2.0,SAT9004,Yes
MY20 Levorg,1.6,SAP925,Yes
MY20 Levorg,1.6,SAP925,Yes
MY20 Levorg,2.0,SAP925,Yes
MY20 Levorg,2.0,SAP925,Yes
MY20 Levorg,1.6,SAP927,Yes
MY20 Levorg,1.6,SAP927,Yes
MY20 Levorg,2.0,SAP927,Yes
MY20 Levorg,2.0,SAP927,Yes
MY20 Levorg,1.6,B327EYA000,Yes
MY20 Levorg,1.6,B327EYA000,Yes
MY20 Levorg,2.0,B327EYA000,Yes
MY20 Levorg,2.0,B327EYA000,Yes
MY20 Levorg,1.6,92172AG040,Yes
MY20 Levorg,1.6,92172AG040,Yes
MY20 Levorg,2.0,92172AG040,Yes
MY20 Levorg,2.0,92172AG040,Yes
MY20 Levorg,1.6,H4610VA010,Yes
MY20 Levorg,1.6,H4610VA010,Yes
MY20 Levorg,2.0,H4610VA010,Yes
MY20 Levorg,2.0,H4610VA010,Yes
MY20 Levorg,1.6,H6710FJ000,Yes
MY20 Levorg,1.6,H6710FJ000,Yes
MY20 Levorg,2.0,H6710FJ000,Yes
MY20 Levorg,2.0,H6710FJ000,Yes
MY20 Levorg,1.6,F6010AG010,Yes
MY20 Levorg,1.6,F6010AG010,Yes
MY20 Levorg,2.0,F6010AG010,Yes
MY20 Levorg,2.0,F6010AG010,Yes
MY20 Levorg,1.6,SAT9007,Yes
MY20 Levorg,1.6,SAT9007,Yes
MY20 Levorg,2.0,SAT9007,Yes
MY20 Levorg,2.0,SAT9007,Yes
MY20 Levorg,1.6,0101253000,Yes
MY20 Levorg,1.6,0101253000,Yes
MY20 Levorg,2.0,0101253000,Yes
MY20 Levorg,2.0,0101253000,Yes
MY20 Levorg,1.6,E2410VA020,No
MY20 Levorg,1.6,E2410VA020,No
MY20 Levorg,2.0,E2410VA020,No
MY20 Levorg,2.0,E2410VA020,Yes
MY20 Levorg,1.6,E2410VA040,No
MY20 Levorg,1.6,E2410VA040,Yes
MY20 Levorg,2.0,E2410VA040,Yes
MY20 Levorg,2.0,E2410VA040,Yes
MY20 Levorg,1.6,E2610VA110,Yes
MY20 Levorg,1.6,E2610VA110,Yes
MY20 Levorg,2.0,E2610VA110,Yes
MY20 Levorg,2.0,E2610VA110,Yes
MY20 Levorg,1.6,E5610VA500,Yes
MY20 Levorg,1.6,E5610VA500,Yes
MY20 Levorg,2.0,E5610VA500,Yes
MY20 Levorg,2.0,E5610VA500,Yes
MY20 Levorg,1.6,E5610VA360,Yes
MY20 Levorg,1.6,E5610VA360,Yes
MY20 Levorg,2.0,E5610VA360,Yes
MY20 Levorg,2.0,E5610VA360,Yes
MY20 Levorg,1.6,ST96050VV320,Yes
MY20 Levorg,1.6,ST96050VV320,Yes
MY20 Levorg,2.0,ST96050VV320,Yes
MY20 Levorg,2.0,ST96050VV320,Yes
MY20 Levorg,1.6,B3110AL031K,Yes
MY20 Levorg,1.6,B3110AL031K,Yes
MY20 Levorg,2.0,B3110AL031K,Yes
MY20 Levorg,2.0,B3110AL031K,Yes
MY20 Levorg,1.6,B3110AL041K,Yes
MY20 Levorg,1.6,B3110AL041K,Yes
MY20 Levorg,2.0,B3110AL041K,Yes
MY20 Levorg,2.0,B3110AL041K,Yes
MY20 Levorg,1.6,B3110AL051K,Yes
MY20 Levorg,1.6,B3110AL051K,Yes
MY20 Levorg,2.0,B3110AL051K,Yes
MY20 Levorg,2.0,B3110AL051K,Yes
MY20 Levorg,1.6,ST20502VV030A,Yes
MY20 Levorg,1.6,ST20502VV030A,Yes
MY20 Levorg,2.0,ST20502VV030A,Yes
MY20 Levorg,2.0,ST20502VV030A,Yes
MY20 Levorg,1.6,ST83031ST012,Yes
MY20 Levorg,1.6,ST83031ST012,Yes
MY20 Levorg,2.0,ST83031ST012,Yes
MY20 Levorg,2.0,ST83031ST012,Yes
MY20 Levorg,1.6,C1010SG101,Yes
MY20 Levorg,1.6,C1010SG101,Yes
MY20 Levorg,2.0,C1010SG101,Yes
MY20 Levorg,2.0,C1010SG101,Yes
MY20 Levorg,1.6,ST28170ST060,Yes
MY20 Levorg,1.6,ST28170ST060,Yes
MY20 Levorg,2.0,ST28170ST060,Yes
MY20 Levorg,2.0,ST28170ST060,Yes
MY20 Levorg,1.6,ST28102ST030,Yes
MY20 Levorg,1.6,ST28102ST030,Yes
MY20 Levorg,2.0,ST28102ST030,Yes
MY20 Levorg,2.0,ST28102ST030,Yes
MY20 Levorg,1.6,ST82182ST000,Yes
MY20 Levorg,1.6,ST82182ST000,Yes
MY20 Levorg,2.0,ST82182ST000,Yes
MY20 Levorg,2.0,ST82182ST000,Yes
MY20 Levorg,1.6,ST4511355010,Yes
MY20 Levorg,1.6,ST4511355010,Yes
MY20 Levorg,2.0,ST4511355010,Yes
MY20 Levorg,2.0,ST4511355010,Yes
MY20 Levorg,1.6,ST15208ST010,Yes
MY20 Levorg,1.6,ST15208ST010,Yes
MY20 Levorg,2.0,ST15208ST010,Yes
MY20 Levorg,2.0,ST15208ST010,Yes
MY20 Levorg,1.6,ST15257ZR010,Yes
MY20 Levorg,1.6,ST15257ZR010,Yes
MY20 Levorg,2.0,ST15257ZR010,Yes
MY20 Levorg,2.0,ST15257ZR010,Yes
MY20 Forester,2.5i,J1010SJ200,No
MY20 Forester,2.5i,J1010SJ200,No
MY20 Forester,2.5i,J1010SJ200,No
MY20 Forester,2.5i,J1010SJ200,Yes
MY20 Forester,2.5i,J1010SJ201,No
MY20 Forester,2.5i,J1010SJ201,No
MY20 Forester,2.5i,J1010SJ201,Yes
MY20 Forester,2.5i,J1010SJ201,Yes
MY20 Forester,2.5i,E1010SJ010,Yes
MY20 Forester,2.5i,E1010SJ010,Yes
MY20 Forester,2.5i,E1010SJ010,Yes
MY20 Forester,2.5i,E1010SJ010,Yes
MY20 Forester,2.5i,E5510SJ000,No
MY20 Forester,2.5i,E5510SJ000,No
MY20 Forester,2.5i,E5510SJ000,Yes
MY20 Forester,2.5i,E5510SJ000,Yes
MY20 Forester,2.5i,J1310SJ010,Yes
MY20 Forester,2.5i,J1310SJ010,Yes
MY20 Forester,2.5i,J1310SJ010,Yes
MY20 Forester,2.5i,J1310SJ010,Yes
MY20 Forester,2.5i,J1310SJ020,Yes
MY20 Forester,2.5i,J1310SJ020,Yes
MY20 Forester,2.5i,J1310SJ020,Yes
MY20 Forester,2.5i,J1310SJ020,Yes
MY20 Forester,2.5i,J1310SJ030,Yes
MY20 Forester,2.5i,J1310SJ030,Yes
MY20 Forester,2.5i,J1310SJ030,Yes
MY20 Forester,2.5i,J1310SJ030,Yes
MY20 Forester,2.5i,J1310SJ100,Yes
MY20 Forester,2.5i,J1310SJ100,Yes
MY20 Forester,2.5i,J1310SJ100,Yes
MY20 Forester,2.5i,J1310SJ100,Yes
MY20 Forester,2.5i,J501ASJ000,Yes
MY20 Forester,2.5i,J501ASJ000,Yes
MY20 Forester,2.5i,J501ASJ000,Yes
MY20 Forester,2.5i,J501ASJ000,Yes
MY20 Forester,2.5i,J5010SJ000,Yes
MY20 Forester,2.5i,J5010SJ000,Yes
MY20 Forester,2.5i,J5010SJ000,Yes
MY20 Forester,2.5i,J5010SJ000,Yes
MY20 Forester,2.5i,F0010SJ000,No
MY20 Forester,2.5i,F0010SJ000,No
MY20 Forester,2.5i,F0010SJ000,Yes
MY20 Forester,2.5i,F0010SJ000,Yes
MY20 Forester,2.5i,F0010SJ010,No
MY20 Forester,2.5i,F0010SJ010,No
MY20 Forester,2.5i,F0010SJ010,Yes
MY20 Forester,2.5i,F0010SJ010,Yes
MY20 Forester,2.5i,J1010SJ001,Yes
MY20 Forester,2.5i,J1010SJ001,Yes
MY20 Forester,2.5i,J1010SJ001,Yes
MY20 Forester,2.5i,J1010SJ001,Yes
MY20 Forester,2.5i,E7710SJ000,Yes
MY20 Forester,2.5i,E7710SJ000,Yes
MY20 Forester,2.5i,E7710SJ000,Yes
MY20 Forester,2.5i,E7710SJ000,Yes
MY20 Forester,2.5i,E7710SJ010,Yes
MY20 Forester,2.5i,E7710SJ010,Yes
MY20 Forester,2.5i,E7710SJ010,Yes
MY20 Forester,2.5i,E7710SJ010,Yes
MY20 Forester,2.5i,F4110SG000,Yes
MY20 Forester,2.5i,F4110SG000,Yes
MY20 Forester,2.5i,F4110SG000,Yes
MY20 Forester,2.5i,F4110SG000,Yes
MY20 Forester,2.5i,F4110SJ000,No
MY20 Forester,2.5i,F4110SJ000,Yes
MY20 Forester,2.5i,F4110SJ000,Yes
MY20 Forester,2.5i,F4110SJ000,Yes
MY20 Forester,2.5i,F4110SJ010,No
MY20 Forester,2.5i,F4110SJ010,Yes
MY20 Forester,2.5i,F4110SJ010,Yes
MY20 Forester,2.5i,F4110SJ010,Yes
MY20 Forester,2.5i,F4110SJ100,No
MY20 Forester,2.5i,F4110SJ100,Yes
MY20 Forester,2.5i,F4110SJ100,Yes
MY20 Forester,2.5i,F4110SJ100,Yes
MY20 Forester,2.5i,F4110SJ110,No
MY20 Forester,2.5i,F4110SJ110,Yes
MY20 Forester,2.5i,F4110SJ110,Yes
MY20 Forester,2.5i,F4110SJ110,Yes
MY20 Forester,2.5i,SAT6003,Yes
MY20 Forester,2.5i,SAT6003,Yes
MY20 Forester,2.5i,SAT6003,Yes
MY20 Forester,2.5i,SAT6003,Yes
MY20 Forester,2.5i,J101ASJ000,Yes
MY20 Forester,2.5i,J101ASJ000,Yes
MY20 Forester,2.5i,J101ASJ000,Yes
MY20 Forester,2.5i,J101ASJ000,Yes
MY20 Forester,2.5i,E365ESG000,Yes
MY20 Forester,2.5i,E365ESG000,Yes
MY20 Forester,2.5i,E365ESG000,Yes
MY20 Forester,2.5i,E365ESG000,Yes
MY20 Forester,2.5i,J501ASJ100,Yes
MY20 Forester,2.5i,J501ASJ100,Yes
MY20 Forester,2.5i,J501ASJ100,Yes
MY20 Forester,2.5i,J501ASJ100,Yes
MY20 Forester,2.5i,F551SSJ000,Yes
MY20 Forester,2.5i,F551SSJ000,Yes
MY20 Forester,2.5i,F551SSJ000,Yes
MY20 Forester,2.5i,F551SSJ000,Yes
MY20 Forester,2.5i,F551ASJ000,Yes
MY20 Forester,2.5i,F551ASJ000,Yes
MY20 Forester,2.5i,F551ASJ000,Yes
MY20 Forester,2.5i,F551ASJ000,Yes
MY20 Forester,2.5i,L101ASJ501,Yes
MY20 Forester,2.5i,L101ASJ501,Yes
MY20 Forester,2.5i,L101ASJ501,Yes
MY20 Forester,2.5i,L101ASJ501,Yes
MY20 Forester,2.5i,SAT9020,Yes
MY20 Forester,2.5i,SAT9020,Yes
MY20 Forester,2.5i,SAT9020,Yes
MY20 Forester,2.5i,SAT9020,Yes
MY20 Forester,2.5i,SAT8023,Yes
MY20 Forester,2.5i,SAT8023,Yes
MY20 Forester,2.5i,SAT8023,Yes
MY20 Forester,2.5i,SAT8023,Yes
MY20 Forester,2.5i,SAT8024,Yes
MY20 Forester,2.5i,SAT8024,Yes
MY20 Forester,2.5i,SAT8024,Yes
MY20 Forester,2.5i,SAT8024,Yes
MY20 Forester,2.5i,SAT8028,Yes
MY20 Forester,2.5i,SAT8028,Yes
MY20 Forester,2.5i,SAT8028,Yes
MY20 Forester,2.5i,SAT8028,Yes
MY20 Forester,2.5i,SAT8018,Yes
MY20 Forester,2.5i,SAT8018,Yes
MY20 Forester,2.5i,SAT8018,Yes
MY20 Forester,2.5i,SAT8018,Yes
MY20 Forester,2.5i,SAT8019,Yes
MY20 Forester,2.5i,SAT8019,Yes
MY20 Forester,2.5i,SAT8019,Yes
MY20 Forester,2.5i,SAT8019,Yes
MY20 Forester,2.5i,SA1042,Yes
MY20 Forester,2.5i,SA1042,Yes
MY20 Forester,2.5i,SA1042,Yes
MY20 Forester,2.5i,SA1042,Yes
MY20 Forester,2.5i,SAT9012,Yes
MY20 Forester,2.5i,SAT9012,Yes
MY20 Forester,2.5i,SAT9012,Yes
MY20 Forester,2.5i,SAT9012,Yes
MY20 Forester,2.5i,SAT9013,Yes
MY20 Forester,2.5i,SAT9013,Yes
MY20 Forester,2.5i,SAT9013,Yes
MY20 Forester,2.5i,SAT9013,Yes
MY20 Forester,2.5i,SA1139,Yes
MY20 Forester,2.5i,SA1139,Yes
MY20 Forester,2.5i,SA1139,Yes
MY20 Forester,2.5i,SA1139,Yes
MY20 Forester,2.5i,SAT9018,Yes
MY20 Forester,2.5i,SAT9018,Yes
MY20 Forester,2.5i,SAT9018,Yes
MY20 Forester,2.5i,SAT9018,Yes
MY20 Forester,2.5i,SAT8016,Yes
MY20 Forester,2.5i,SAT8016,Yes
MY20 Forester,2.5i,SAT8016,Yes
MY20 Forester,2.5i,SAT8016,Yes
MY20 Forester,2.5i,SAT5013,Yes
MY20 Forester,2.5i,SAT5013,Yes
MY20 Forester,2.5i,SAT5013,Yes
MY20 Forester,2.5i,SAT5013,Yes
MY20 Forester,2.5i,SAT5014,Yes
MY20 Forester,2.5i,SAT5014,Yes
MY20 Forester,2.5i,SAT5014,Yes
MY20 Forester,2.5i,SAT5014,Yes
MY20 Forester,2.5i,SAT5015,Yes
MY20 Forester,2.5i,SAT5015,Yes
MY20 Forester,2.5i,SAT5015,Yes
MY20 Forester,2.5i,SAT5015,Yes
MY20 Forester,2.5i,SAT8030,Yes
MY20 Forester,2.5i,SAT8030,Yes
MY20 Forester,2.5i,SAT8030,Yes
MY20 Forester,2.5i,SAT8030,Yes
MY20 Forester,2.5i,SAT9004,Yes
MY20 Forester,2.5i,SAT9004,Yes
MY20 Forester,2.5i,SAT9004,Yes
MY20 Forester,2.5i,SAT9004,Yes
MY20 Forester,2.5i,SAP925,Yes
MY20 Forester,2.5i,SAP925,Yes
MY20 Forester,2.5i,SAP925,Yes
MY20 Forester,2.5i,SAP925,Yes
MY20 Forester,2.5i,SAP927,Yes
MY20 Forester,2.5i,SAP927,Yes
MY20 Forester,2.5i,SAP927,Yes
MY20 Forester,2.5i,SAP927,Yes
MY20 Forester,2.5i,B327EYA000,Yes
MY20 Forester,2.5i,B327EYA000,Yes
MY20 Forester,2.5i,B327EYA000,Yes
MY20 Forester,2.5i,B327EYA000,Yes
MY20 Forester,2.5i,H481ASJ000##,Yes
MY20 Forester,2.5i,H481ASJ000##,Yes
MY20 Forester,2.5i,H481ASJ000##,Yes
MY20 Forester,2.5i,H481ASJ000##,Yes
MY20 Forester,2.5i,H6710AL010,Yes
MY20 Forester,2.5i,H6710AL010,Yes
MY20 Forester,2.5i,H6710AL010,Yes
MY20 Forester,2.5i,H6710AL010,Yes
MY20 Forester,2.5i,J2010FL020,Yes
MY20 Forester,2.5i,J2010FL020,Yes
MY20 Forester,2.5i,J2010FL020,Yes
MY20 Forester,2.5i,J2010FL020,Yes
MY20 Forester,2.5i,SAT9007,Yes
MY20 Forester,2.5i,SAT9007,Yes
MY20 Forester,2.5i,SAT9007,Yes
MY20 Forester,2.5i,SAT9007,Yes
MY20 Forester,2.5i,0101253000,Yes
MY20 Forester,2.5i,0101253000,Yes
MY20 Forester,2.5i,0101253000,Yes
MY20 Forester,2.5i,0101253000,Yes
MY20 Forester,2.5i,C1010SJ000,Yes
MY20 Forester,2.5i,C1010SJ000,Yes
MY20 Forester,2.5i,C1010SJ000,Yes
MY20 Forester,2.5i,C1010SJ000,Yes
MY20 Forester,2.5i,B3110SJ000K,No
MY20 Forester,2.5i,B3110SJ000K,No
MY20 Forester,2.5i,B3110SJ000K,Yes
MY20 Forester,2.5i,B3110SJ000K,Yes
MY20 Forester,2.5i,B3110SJ010K,No
MY20 Forester,2.5i,B3110SJ010K,No
MY20 Forester,2.5i,B3110SJ010K,Yes
MY20 Forester,2.5i,B3110SJ010K,Yes
MY20 Forester,2.5i,B3110SJ020K,No
MY20 Forester,2.5i,B3110SJ020K,No
MY20 Forester,2.5i,B3110SJ020K,Yes
MY20 Forester,2.5i,B3110SJ020K,Yes
MY20 Forester,2.5i,B3110SJ100K,Yes
MY20 Forester,2.5i,B3110SJ100K,Yes
MY20 Forester,2.5i,B3110SJ100K,Yes
MY20 Forester,2.5i,B3110SJ100K,Yes
MY20 Forester,2.5i,B3110SJ110K,Yes
MY20 Forester,2.5i,B3110SJ110K,Yes
MY20 Forester,2.5i,B3110SJ110K,Yes
MY20 Forester,2.5i,B3110SJ110K,Yes
MY20 Forester,2.5i,B3110SJ120K,Yes
MY20 Forester,2.5i,B3110SJ120K,Yes
MY20 Forester,2.5i,B3110SJ120K,Yes
MY20 Forester,2.5i,B3110SJ120K,Yes
MY20 Forester accessories,2.5i,SAK9203,No
MY20 Forester accessories,2.5i,SAK9203,No
MY20 Forester accessories,2.5i,SAK9203,No
MY20 Forester accessories,2.5i,SAK9203,No
MY20 Forester accessories,2.5i,SAK9260,No
MY20 Forester accessories,2.5i,SAK9260,No
MY20 Forester accessories,2.5i,SAK9260,No
MY20 Forester accessories,2.5i,SAK9260,No
MY20 XV,2.0i,E1010FJ100,Yes
MY20 XV,2.0i,E1010FJ100,Yes
MY20 XV,2.0i,E1010FJ100,Yes
MY20 XV,2.0i,E1010FJ100,Yes
MY20 XV,2.0i,E2610FL100,No
MY20 XV,2.0i,E2610FL100,No
MY20 XV,2.0i,E2610FL100,No
MY20 XV,2.0i,E2610FL100,Yes
MY20 XV,2.0i,J1010FL360,Yes
MY20 XV,2.0i,J1010FL360,Yes
MY20 XV,2.0i,J1010FL360,Yes
MY20 XV,2.0i,J1010FL360,Yes
MY20 XV,2.0i,F0010FL010,Yes
MY20 XV,2.0i,F0010FL010,Yes
MY20 XV,2.0i,F0010FL010,Yes
MY20 XV,2.0i,F0010FL010,Yes
MY20 XV,2.0i,J501AFL000,Yes
MY20 XV,2.0i,J501AFL000,Yes
MY20 XV,2.0i,J501AFL000,Yes
MY20 XV,2.0i,J501AFL000,Yes
MY20 XV,2.0i,J5010FL100,Yes
MY20 XV,2.0i,J5010FL100,Yes
MY20 XV,2.0i,J5010FL100,Yes
MY20 XV,2.0i,J5010FL100,Yes
MY20 XV,2.0i,F4110FL000,No
MY20 XV,2.0i,F4110FL000,Yes
MY20 XV,2.0i,F4110FL000,Yes
MY20 XV,2.0i,F4110FL000,Yes
MY20 XV,2.0i,F4110FL010,No
MY20 XV,2.0i,F4110FL010,Yes
MY20 XV,2.0i,F4110FL010,Yes
MY20 XV,2.0i,F4110FL010,Yes
MY20 XV,2.0i,J1010FJ800NN,Yes
MY20 XV,2.0i,J1010FJ800NN,Yes
MY20 XV,2.0i,J1010FJ800NN,Yes
MY20 XV,2.0i,J1010FJ800NN,Yes
MY20 XV,2.0i,J101AFL000,Yes
MY20 XV,2.0i,J101AFL000,Yes
MY20 XV,2.0i,J101AFL000,Yes
MY20 XV,2.0i,J101AFL000,Yes
MY20 XV,2.0i,E7710FL010,Yes
MY20 XV,2.0i,E7710FL010,Yes
MY20 XV,2.0i,E7710FL010,Yes
MY20 XV,2.0i,E7710FL010,Yes
MY20 XV,2.0i,E7710FL020,Yes
MY20 XV,2.0i,E7710FL020,Yes
MY20 XV,2.0i,E7710FL020,Yes
MY20 XV,2.0i,E7710FL020,Yes
MY20 XV,2.0i,SAT6003,Yes
MY20 XV,2.0i,SAT6003,Yes
MY20 XV,2.0i,SAT6003,Yes
MY20 XV,2.0i,SAT6003,Yes
MY20 XV,2.0i,F0070YA000,Yes
MY20 XV,2.0i,F0070YA000,Yes
MY20 XV,2.0i,F0070YA000,Yes
MY20 XV,2.0i,F0070YA000,Yes
MY20 XV,2.0i,F0070YA001,Yes
MY20 XV,2.0i,F0070YA001,Yes
MY20 XV,2.0i,F0070YA001,Yes
MY20 XV,2.0i,F0070YA001,Yes
MY20 XV,2.0i,F0070YA002,Yes
MY20 XV,2.0i,F0070YA002,Yes
MY20 XV,2.0i,F0070YA002,Yes
MY20 XV,2.0i,F0070YA002,Yes
MY20 XV,2.0i,F0070YA003,Yes
MY20 XV,2.0i,F0070YA003,Yes
MY20 XV,2.0i,F0070YA003,Yes
MY20 XV,2.0i,F0070YA003,Yes
MY20 XV,2.0i,F0070YA004,Yes
MY20 XV,2.0i,F0070YA004,Yes
MY20 XV,2.0i,F0070YA004,Yes
MY20 XV,2.0i,F0070YA004,Yes
MY20 XV,2.0i,F0070YA005,Yes
MY20 XV,2.0i,F0070YA005,Yes
MY20 XV,2.0i,F0070YA005,Yes
MY20 XV,2.0i,F0070YA005,Yes
MY20 XV,2.0i,F0070YA006,Yes
MY20 XV,2.0i,F0070YA006,Yes
MY20 XV,2.0i,F0070YA006,Yes
MY20 XV,2.0i,F0070YA006,Yes
MY20 XV,2.0i,F0070YA007,Yes
MY20 XV,2.0i,F0070YA007,Yes
MY20 XV,2.0i,F0070YA007,Yes
MY20 XV,2.0i,F0070YA007,Yes
MY20 XV,2.0i,E365ESG000,Yes
MY20 XV,2.0i,E365ESG000,Yes
MY20 XV,2.0i,E365ESG000,Yes
MY20 XV,2.0i,E365ESG000,Yes
MY20 XV,2.0i,J501AFL120,Yes
MY20 XV,2.0i,J501AFL120,Yes
MY20 XV,2.0i,J501AFL120,Yes
MY20 XV,2.0i,J501AFL120,Yes
MY20 XV,2.0i,L101AFL101,Yes
MY20 XV,2.0i,L101AFL101,Yes
MY20 XV,2.0i,L101AFL101,Yes
MY20 XV,2.0i,L101AFL101,Yes
MY20 XV,2.0i,SAT9020,Yes
MY20 XV,2.0i,SAT9020,Yes
MY20 XV,2.0i,SAT9020,Yes
MY20 XV,2.0i,SAT9020,Yes
MY20 XV,2.0i,SAT8023,Yes
MY20 XV,2.0i,SAT8023,Yes
MY20 XV,2.0i,SAT8023,Yes
MY20 XV,2.0i,SAT8023,Yes
MY20 XV,2.0i,SAT8024,Yes
MY20 XV,2.0i,SAT8024,Yes
MY20 XV,2.0i,SAT8024,Yes
MY20 XV,2.0i,SAT8024,Yes
MY20 XV,2.0i,SAT8028,Yes
MY20 XV,2.0i,SAT8028,Yes
MY20 XV,2.0i,SAT8028,Yes
MY20 XV,2.0i,SAT8028,Yes
MY20 XV,2.0i,SAT8018,Yes
MY20 XV,2.0i,SAT8018,Yes
MY20 XV,2.0i,SAT8018,Yes
MY20 XV,2.0i,SAT8018,Yes
MY20 XV,2.0i,SAT8019,Yes
MY20 XV,2.0i,SAT8019,Yes
MY20 XV,2.0i,SAT8019,Yes
MY20 XV,2.0i,SAT8019,Yes
MY20 XV,2.0i,SA1042,Yes
MY20 XV,2.0i,SA1042,Yes
MY20 XV,2.0i,SA1042,Yes
MY20 XV,2.0i,SA1042,Yes
MY20 XV,2.0i,SAT9012,Yes
MY20 XV,2.0i,SAT9012,Yes
MY20 XV,2.0i,SAT9012,Yes
MY20 XV,2.0i,SAT9012,Yes
MY20 XV,2.0i,SAT9013,Yes
MY20 XV,2.0i,SAT9013,Yes
MY20 XV,2.0i,SAT9013,Yes
MY20 XV,2.0i,SAT9013,Yes
MY20 XV,2.0i,SA1139,Yes
MY20 XV,2.0i,SA1139,Yes
MY20 XV,2.0i,SA1139,Yes
MY20 XV,2.0i,SA1139,Yes
MY20 XV,2.0i,SAT9018,Yes
MY20 XV,2.0i,SAT9018,Yes
MY20 XV,2.0i,SAT9018,Yes
MY20 XV,2.0i,SAT9018,Yes
MY20 XV,2.0i,SAT8016,Yes
MY20 XV,2.0i,SAT8016,Yes
MY20 XV,2.0i,SAT8016,Yes
MY20 XV,2.0i,SAT8016,Yes
MY20 XV,2.0i,SAT5013,Yes
MY20 XV,2.0i,SAT5013,Yes
MY20 XV,2.0i,SAT5013,Yes
MY20 XV,2.0i,SAT5013,Yes
MY20 XV,2.0i,SAT5014,Yes
MY20 XV,2.0i,SAT5014,Yes
MY20 XV,2.0i,SAT5014,Yes
MY20 XV,2.0i,SAT5014,Yes
MY20 XV,2.0i,SAT5015,Yes
MY20 XV,2.0i,SAT5015,Yes
MY20 XV,2.0i,SAT5015,Yes
MY20 XV,2.0i,SAT5015,Yes
MY20 XV,2.0i,SAT8030,Yes
MY20 XV,2.0i,SAT8030,Yes
MY20 XV,2.0i,SAT8030,Yes
MY20 XV,2.0i,SAT8030,Yes
MY20 XV,2.0i,SAT9004,Yes
MY20 XV,2.0i,SAT9004,Yes
MY20 XV,2.0i,SAT9004,Yes
MY20 XV,2.0i,SAT9004,Yes
MY20 XV,2.0i,SAP925,Yes
MY20 XV,2.0i,SAP925,Yes
MY20 XV,2.0i,SAP925,Yes
MY20 XV,2.0i,SAP925,Yes
MY20 XV,2.0i,SAP927,Yes
MY20 XV,2.0i,SAP927,Yes
MY20 XV,2.0i,SAP927,Yes
MY20 XV,2.0i,SAP927,Yes
MY20 XV,2.0i,B327EYA000,Yes
MY20 XV,2.0i,B327EYA000,Yes
MY20 XV,2.0i,B327EYA000,Yes
MY20 XV,2.0i,B327EYA000,Yes
MY20 XV,2.0i,H481AFL400##,Yes
MY20 XV,2.0i,H481AFL400##,Yes
MY20 XV,2.0i,H481AFL400##,Yes
MY20 XV,2.0i,H481AFL400##,Yes
MY20 XV,2.0i,H481AFL300##,No
MY20 XV,2.0i,H481AFL300##,Yes
MY20 XV,2.0i,H481AFL300##,Yes
MY20 XV,2.0i,H481AFL300##,Yes
MY20 XV,2.0i,J2010FL000,Yes
MY20 XV,2.0i,J2010FL000,Yes
MY20 XV,2.0i,J2010FL000,Yes
MY20 XV,2.0i,J2010FL000,Yes
MY20 XV,2.0i,J2010FL010,Yes
MY20 XV,2.0i,J2010FL010,Yes
MY20 XV,2.0i,J2010FL010,Yes
MY20 XV,2.0i,J2010FL010,Yes
MY20 XV,2.0i,SAT9007,Yes
MY20 XV,2.0i,SAT9007,Yes
MY20 XV,2.0i,SAT9007,Yes
MY20 XV,2.0i,SAT9007,Yes
MY20 XV,2.0i,0101253000,Yes
MY20 XV,2.0i,0101253000,Yes
MY20 XV,2.0i,0101253000,Yes
MY20 XV,2.0i,0101253000,Yes
MY20 XV,2.0i,E7210FL101,Yes
MY20 XV,2.0i,E7210FL101,Yes
MY20 XV,2.0i,E7210FL101,Yes
MY20 XV,2.0i,E7210FL101,Yes
MY20 XV,2.0i,C1010FL000,Yes
MY20 XV,2.0i,C1010FL000,Yes
MY20 XV,2.0i,C1010FL000,Yes
MY20 XV,2.0i,C1010FL000,Yes
MY20 XV,2.0i,E4010FL000,Yes
MY20 XV,2.0i,E4010FL000,Yes
MY20 XV,2.0i,E4010FL000,Yes
MY20 XV,2.0i,E4010FL000,Yes
MY20 XV,2.0i,B3110FL200K,Yes
MY20 XV,2.0i,B3110FL200K,Yes
MY20 XV,2.0i,B3110FL200K,Yes
MY20 XV,2.0i,B3110FL200K,Yes
MY20 XV,2.0i,B3110FL210K,Yes
MY20 XV,2.0i,B3110FL210K,Yes
MY20 XV,2.0i,B3110FL210K,Yes
MY20 XV,2.0i,B3110FL210K,Yes
MY20 XV,2.0i,B3110FL220K,Yes
MY20 XV,2.0i,B3110FL220K,Yes
MY20 XV,2.0i,B3110FL220K,Yes
MY20 XV,2.0i,B3110FL220K,Yes
MY20 XV,2.0i,B3110FL000K,Yes
MY20 XV,2.0i,B3110FL000K,Yes
MY20 XV,2.0i,B3110FL000K,Yes
MY20 XV,2.0i,B3110FL000K,Yes
MY20 XV,2.0i,B3110FL010K,Yes
MY20 XV,2.0i,B3110FL010K,Yes
MY20 XV,2.0i,B3110FL010K,Yes
MY20 XV,2.0i,B3110FL010K,Yes
MY20 XV,2.0i,B3110FL020K,Yes
MY20 XV,2.0i,B3110FL020K,Yes
MY20 XV,2.0i,B3110FL020K,Yes
MY20 XV,2.0i,B3110FL020K,Yes
MY20 XV accessories,774.85,SAK9250,No
MY20 XV accessories,668.52,SAK9250,No
MY20 XV accessories,106.33,SAK9250,No
MY20 XV accessories,868.21,SAK9250,No
MY20 XV accessories,614.38,SAK9250,No
MY20 XV accessories,253.83,SAK9250,No
MY20 Impreza hatch,2.0i,E1010FJ100,Yes
MY20 Impreza hatch,2.0i,E1010FJ100,Yes
MY20 Impreza hatch,2.0i,E1010FJ100,Yes
MY20 Impreza hatch,2.0i,E1010FJ100,Yes
MY20 Impreza hatch,2.0i,E2610FL000NN,No
MY20 Impreza hatch,2.0i,E2610FL000NN,No
MY20 Impreza hatch,2.0i,E2610FL000NN,No
MY20 Impreza hatch,2.0i,E2610FL000NN,Yes
MY20 Impreza hatch,2.0i,E5510FL010,Yes
MY20 Impreza hatch,2.0i,E5510FL010,Yes
MY20 Impreza hatch,2.0i,E5510FL010,Yes
MY20 Impreza hatch,2.0i,E5510FL010,Yes
MY20 Impreza hatch,2.0i,J1010FL310,Yes
MY20 Impreza hatch,2.0i,J1010FL310,Yes
MY20 Impreza hatch,2.0i,J1010FL310,Yes
MY20 Impreza hatch,2.0i,J1010FL310,Yes
MY20 Impreza hatch,2.0i,F0010FL010,Yes
MY20 Impreza hatch,2.0i,F0010FL010,Yes
MY20 Impreza hatch,2.0i,F0010FL010,Yes
MY20 Impreza hatch,2.0i,F0010FL010,Yes
MY20 Impreza hatch,2.0i,J1010FL001NN,No
MY20 Impreza hatch,2.0i,J1010FL001NN,Yes
MY20 Impreza hatch,2.0i,J1010FL001NN,Yes
MY20 Impreza hatch,2.0i,J1010FL001NN,Yes
MY20 Impreza hatch,2.0i,J1010FL104NN,Yes
MY20 Impreza hatch,2.0i,J1010FL104NN,Yes
MY20 Impreza hatch,2.0i,J1010FL104NN,Yes
MY20 Impreza hatch,2.0i,J1010FL104NN,Yes
MY20 Impreza hatch,2.0i,J1010FL600NN,No
MY20 Impreza hatch,2.0i,J1010FL600NN,No
MY20 Impreza hatch,2.0i,J1010FL600NN,No
MY20 Impreza hatch,2.0i,J1010FL600NN,Yes
MY20 Impreza hatch,2.0i,J501AFL000,Yes
MY20 Impreza hatch,2.0i,J501AFL000,Yes
MY20 Impreza hatch,2.0i,J501AFL000,Yes
MY20 Impreza hatch,2.0i,J501AFL000,Yes
MY20 Impreza hatch,2.0i,J5010FL100,Yes
MY20 Impreza hatch,2.0i,J5010FL100,Yes
MY20 Impreza hatch,2.0i,J5010FL100,Yes
MY20 Impreza hatch,2.0i,J5010FL100,Yes
MY20 Impreza hatch,2.0i,F4110FL000,No
MY20 Impreza hatch,2.0i,F4110FL000,Yes
MY20 Impreza hatch,2.0i,F4110FL000,Yes
MY20 Impreza hatch,2.0i,F4110FL000,Yes
MY20 Impreza hatch,2.0i,F4110FL010,No
MY20 Impreza hatch,2.0i,F4110FL010,Yes
MY20 Impreza hatch,2.0i,F4110FL010,Yes
MY20 Impreza hatch,2.0i,F4110FL010,Yes
MY20 Impreza hatch,2.0i,J1010VA600NN,Yes
MY20 Impreza hatch,2.0i,J1010VA600NN,Yes
MY20 Impreza hatch,2.0i,J1010VA600NN,Yes
MY20 Impreza hatch,2.0i,J1010VA600NN,Yes
MY20 Impreza hatch,2.0i,J101AFL000,Yes
MY20 Impreza hatch,2.0i,J101AFL000,Yes
MY20 Impreza hatch,2.0i,J101AFL000,Yes
MY20 Impreza hatch,2.0i,J101AFL000,Yes
MY20 Impreza hatch,2.0i,E7710FL000,Yes
MY20 Impreza hatch,2.0i,E7710FL000,Yes
MY20 Impreza hatch,2.0i,E7710FL000,Yes
MY20 Impreza hatch,2.0i,E7710FL000,Yes
MY20 Impreza hatch,2.0i,SAT6003,Yes
MY20 Impreza hatch,2.0i,SAT6003,Yes
MY20 Impreza hatch,2.0i,SAT6003,Yes
MY20 Impreza hatch,2.0i,SAT6003,Yes
MY20 Impreza hatch,2.0i,F0070YA000,Yes
MY20 Impreza hatch,2.0i,F0070YA000,Yes
MY20 Impreza hatch,2.0i,F0070YA000,Yes
MY20 Impreza hatch,2.0i,F0070YA000,Yes
MY20 Impreza hatch,2.0i,F0070YA001,Yes
MY20 Impreza hatch,2.0i,F0070YA001,Yes
MY20 Impreza hatch,2.0i,F0070YA001,Yes
MY20 Impreza hatch,2.0i,F0070YA001,Yes
MY20 Impreza hatch,2.0i,F0070YA002,Yes
MY20 Impreza hatch,2.0i,F0070YA002,Yes
MY20 Impreza hatch,2.0i,F0070YA002,Yes
MY20 Impreza hatch,2.0i,F0070YA002,Yes
MY20 Impreza hatch,2.0i,F0070YA003,Yes
MY20 Impreza hatch,2.0i,F0070YA003,Yes
MY20 Impreza hatch,2.0i,F0070YA003,Yes
MY20 Impreza hatch,2.0i,F0070YA003,Yes
MY20 Impreza hatch,2.0i,F0070YA004,Yes
MY20 Impreza hatch,2.0i,F0070YA004,Yes
MY20 Impreza hatch,2.0i,F0070YA004,Yes
MY20 Impreza hatch,2.0i,F0070YA004,Yes
MY20 Impreza hatch,2.0i,F0070YA005,Yes
MY20 Impreza hatch,2.0i,F0070YA005,Yes
MY20 Impreza hatch,2.0i,F0070YA005,Yes
MY20 Impreza hatch,2.0i,F0070YA005,Yes
MY20 Impreza hatch,2.0i,F0070YA006,Yes
MY20 Impreza hatch,2.0i,F0070YA006,Yes
MY20 Impreza hatch,2.0i,F0070YA006,Yes
MY20 Impreza hatch,2.0i,F0070YA006,Yes
MY20 Impreza hatch,2.0i,F0070YA007,Yes
MY20 Impreza hatch,2.0i,F0070YA007,Yes
MY20 Impreza hatch,2.0i,F0070YA007,Yes
MY20 Impreza hatch,2.0i,F0070YA007,Yes
MY20 Impreza hatch,2.0i,SAT3021,Yes
MY20 Impreza hatch,2.0i,SAT3021,Yes
MY20 Impreza hatch,2.0i,SAT3021,Yes
MY20 Impreza hatch,2.0i,SAT3021,Yes
MY20 Impreza hatch,2.0i,J501AFL110,Yes
MY20 Impreza hatch,2.0i,J501AFL110,Yes
MY20 Impreza hatch,2.0i,J501AFL110,Yes
MY20 Impreza hatch,2.0i,J501AFL110,Yes
MY20 Impreza hatch,2.0i,L101AFL000,Yes
MY20 Impreza hatch,2.0i,L101AFL000,Yes
MY20 Impreza hatch,2.0i,L101AFL000,Yes
MY20 Impreza hatch,2.0i,L101AFL000,Yes
MY20 Impreza hatch,2.0i,SAT8023,Yes
MY20 Impreza hatch,2.0i,SAT8023,Yes
MY20 Impreza hatch,2.0i,SAT8023,Yes
MY20 Impreza hatch,2.0i,SAT8023,Yes
MY20 Impreza hatch,2.0i,SAT8024,Yes
MY20 Impreza hatch,2.0i,SAT8024,Yes
MY20 Impreza hatch,2.0i,SAT8024,Yes
MY20 Impreza hatch,2.0i,SAT8024,Yes
MY20 Impreza hatch,2.0i,SAT8028,Yes
MY20 Impreza hatch,2.0i,SAT8028,Yes
MY20 Impreza hatch,2.0i,SAT8028,Yes
MY20 Impreza hatch,2.0i,SAT8028,Yes
MY20 Impreza hatch,2.0i,SAT8018,Yes
MY20 Impreza hatch,2.0i,SAT8018,Yes
MY20 Impreza hatch,2.0i,SAT8018,Yes
MY20 Impreza hatch,2.0i,SAT8018,Yes
MY20 Impreza hatch,2.0i,SAT8019,Yes
MY20 Impreza hatch,2.0i,SAT8019,Yes
MY20 Impreza hatch,2.0i,SAT8019,Yes
MY20 Impreza hatch,2.0i,SAT8019,Yes
MY20 Impreza hatch,2.0i,SA1042,Yes
MY20 Impreza hatch,2.0i,SA1042,Yes
MY20 Impreza hatch,2.0i,SA1042,Yes
MY20 Impreza hatch,2.0i,SA1042,Yes
MY20 Impreza hatch,2.0i,SAT9012,Yes
MY20 Impreza hatch,2.0i,SAT9012,Yes
MY20 Impreza hatch,2.0i,SAT9012,Yes
MY20 Impreza hatch,2.0i,SAT9012,Yes
MY20 Impreza hatch,2.0i,SAT9013,Yes
MY20 Impreza hatch,2.0i,SAT9013,Yes
MY20 Impreza hatch,2.0i,SAT9013,Yes
MY20 Impreza hatch,2.0i,SAT9013,Yes
MY20 Impreza hatch,2.0i,SA1139,Yes
MY20 Impreza hatch,2.0i,SA1139,Yes
MY20 Impreza hatch,2.0i,SA1139,Yes
MY20 Impreza hatch,2.0i,SA1139,Yes
MY20 Impreza hatch,2.0i,SAT9018,Yes
MY20 Impreza hatch,2.0i,SAT9018,Yes
MY20 Impreza hatch,2.0i,SAT9018,Yes
MY20 Impreza hatch,2.0i,SAT9018,Yes
MY20 Impreza hatch,2.0i,SAT8016,Yes
MY20 Impreza hatch,2.0i,SAT8016,Yes
MY20 Impreza hatch,2.0i,SAT8016,Yes
MY20 Impreza hatch,2.0i,SAT8016,Yes
MY20 Impreza hatch,2.0i,SAT5013,Yes
MY20 Impreza hatch,2.0i,SAT5013,Yes
MY20 Impreza hatch,2.0i,SAT5013,Yes
MY20 Impreza hatch,2.0i,SAT5013,Yes
MY20 Impreza hatch,2.0i,SAT5014,Yes
MY20 Impreza hatch,2.0i,SAT5014,Yes
MY20 Impreza hatch,2.0i,SAT5014,Yes
MY20 Impreza hatch,2.0i,SAT5014,Yes
MY20 Impreza hatch,2.0i,SAT5015,Yes
MY20 Impreza hatch,2.0i,SAT5015,Yes
MY20 Impreza hatch,2.0i,SAT5015,Yes
MY20 Impreza hatch,2.0i,SAT5015,Yes
MY20 Impreza hatch,2.0i,SAT8030,Yes
MY20 Impreza hatch,2.0i,SAT8030,Yes
MY20 Impreza hatch,2.0i,SAT8030,Yes
MY20 Impreza hatch,2.0i,SAT8030,Yes
MY20 Impreza hatch,2.0i,SAT9004,Yes
MY20 Impreza hatch,2.0i,SAT9004,Yes
MY20 Impreza hatch,2.0i,SAT9004,Yes
MY20 Impreza hatch,2.0i,SAT9004,Yes
MY20 Impreza hatch,2.0i,SAP925,Yes
MY20 Impreza hatch,2.0i,SAP925,Yes
MY20 Impreza hatch,2.0i,SAP925,Yes
MY20 Impreza hatch,2.0i,SAP925,Yes
MY20 Impreza hatch,2.0i,SAP927,Yes
MY20 Impreza hatch,2.0i,SAP927,Yes
MY20 Impreza hatch,2.0i,SAP927,Yes
MY20 Impreza hatch,2.0i,SAP927,Yes
MY20 Impreza hatch,2.0i,B327EYA000,Yes
MY20 Impreza hatch,2.0i,B327EYA000,Yes
MY20 Impreza hatch,2.0i,B327EYA000,Yes
MY20 Impreza hatch,2.0i,B327EYA000,Yes
MY20 Impreza hatch,2.0i,H481AFL400##,Yes
MY20 Impreza hatch,2.0i,H481AFL400##,Yes
MY20 Impreza hatch,2.0i,H481AFL400##,Yes
MY20 Impreza hatch,2.0i,H481AFL400##,Yes
MY20 Impreza hatch,2.0i,H481AFL200##,No
MY20 Impreza hatch,2.0i,H481AFL200##,Yes
MY20 Impreza hatch,2.0i,H481AFL200##,Yes
MY20 Impreza hatch,2.0i,H481AFL200##,Yes
MY20 Impreza hatch,2.0i,J2010FL000,Yes
MY20 Impreza hatch,2.0i,J2010FL000,Yes
MY20 Impreza hatch,2.0i,J2010FL000,Yes
MY20 Impreza hatch,2.0i,J2010FL000,Yes
MY20 Impreza hatch,2.0i,J2010FL010,Yes
MY20 Impreza hatch,2.0i,J2010FL010,Yes
MY20 Impreza hatch,2.0i,J2010FL010,Yes
MY20 Impreza hatch,2.0i,J2010FL010,Yes
MY20 Impreza hatch,2.0i,SAT9007,Yes
MY20 Impreza hatch,2.0i,SAT9007,Yes
MY20 Impreza hatch,2.0i,SAT9007,Yes
MY20 Impreza hatch,2.0i,SAT9007,Yes
MY20 Impreza hatch,2.0i,0101253000,Yes
MY20 Impreza hatch,2.0i,0101253000,Yes
MY20 Impreza hatch,2.0i,0101253000,Yes
MY20 Impreza hatch,2.0i,0101253000,Yes
MY20 Impreza hatch,2.0i,H4510FL010,No
MY20 Impreza hatch,2.0i,H4510FL010,No
MY20 Impreza hatch,2.0i,H4510FL010,No
MY20 Impreza hatch,2.0i,H4510FL010,Yes
MY20 Impreza hatch,2.0i,E2410FL020,Yes
MY20 Impreza hatch,2.0i,E2410FL020,Yes
MY20 Impreza hatch,2.0i,E2410FL020,Yes
MY20 Impreza hatch,2.0i,E2410FL020,Yes
MY20 Impreza hatch,2.0i,E2610FL010,No
MY20 Impreza hatch,2.0i,E2610FL010,No
MY20 Impreza hatch,2.0i,E2610FL010,No
MY20 Impreza hatch,2.0i,E2610FL010,Yes
MY20 Impreza hatch,2.0i,E7210FL101,Yes
MY20 Impreza hatch,2.0i,E7210FL101,Yes
MY20 Impreza hatch,2.0i,E7210FL101,Yes
MY20 Impreza hatch,2.0i,E7210FL101,Yes
MY20 Impreza hatch,2.0i,C1010FL000,Yes
MY20 Impreza hatch,2.0i,C1010FL000,Yes
MY20 Impreza hatch,2.0i,C1010FL000,Yes
MY20 Impreza hatch,2.0i,C1010FL000,Yes
MY20 Impreza hatch,2.0i,E4010FL000,Yes
MY20 Impreza hatch,2.0i,E4010FL000,Yes
MY20 Impreza hatch,2.0i,E4010FL000,Yes
MY20 Impreza hatch,2.0i,E4010FL000,Yes
MY20 Impreza hatch,2.0i,B3110FL200K,Yes
MY20 Impreza hatch,2.0i,B3110FL200K,Yes
MY20 Impreza hatch,2.0i,B3110FL200K,Yes
MY20 Impreza hatch,2.0i,B3110FL200K,Yes
MY20 Impreza hatch,2.0i,B3110FL210K,Yes
MY20 Impreza hatch,2.0i,B3110FL210K,Yes
MY20 Impreza hatch,2.0i,B3110FL210K,Yes
MY20 Impreza hatch,2.0i,B3110FL210K,Yes
MY20 Impreza hatch,2.0i,B3110FL220K,Yes
MY20 Impreza hatch,2.0i,B3110FL220K,Yes
MY20 Impreza hatch,2.0i,B3110FL220K,Yes
MY20 Impreza hatch,2.0i,B3110FL220K,Yes
MY20 Impreza hatch,2.0i,B3110FL100K,No
MY20 Impreza hatch,2.0i,B3110FL100K,No
MY20 Impreza hatch,2.0i,B3110FL100K,No
MY20 Impreza hatch,2.0i,B3110FL100K,Yes
MY20 Impreza hatch,2.0i,B3110FL110K,No
MY20 Impreza hatch,2.0i,B3110FL110K,No
MY20 Impreza hatch,2.0i,B3110FL110K,No
MY20 Impreza hatch,2.0i,B3110FL110K,Yes
MY20 Impreza hatch,2.0i,B3110FL120K,No
MY20 Impreza hatch,2.0i,B3110FL120K,No
MY20 Impreza hatch,2.0i,B3110FL120K,No
MY20 Impreza hatch,2.0i,B3110FL120K,Yes
MY20 Impreza hatch accessories,654.04,SAK9240,No
MY20 Impreza hatch accessories,562.53,SAK9240,No
MY20 Impreza hatch accessories,91.51,SAK9240,No
MY20 Impreza hatch accessories,766.02,SAK9240,No
MY20 Impreza hatch accessories,524.22,SAK9240,No
MY20 Impreza hatch accessories,241.80,SAK9240,No
MY20 Impreza sedan,2.0i,E1010FJ100,Yes
MY20 Impreza sedan,2.0i,E1010FJ100,Yes
MY20 Impreza sedan,2.0i,E1010FJ100,Yes
MY20 Impreza sedan,2.0i,E1010FJ100,Yes
MY20 Impreza sedan,2.0i,E2610FL000NN,No
MY20 Impreza sedan,2.0i,E2610FL000NN,No
MY20 Impreza sedan,2.0i,E2610FL000NN,No
MY20 Impreza sedan,2.0i,E2610FL000NN,Yes
MY20 Impreza sedan,2.0i,J1010FL310,Yes
MY20 Impreza sedan,2.0i,J1010FL310,Yes
MY20 Impreza sedan,2.0i,J1010FL310,Yes
MY20 Impreza sedan,2.0i,J1010FL310,Yes
MY20 Impreza sedan,2.0i,E5510FL000,Yes
MY20 Impreza sedan,2.0i,E5510FL000,Yes
MY20 Impreza sedan,2.0i,E5510FL000,Yes
MY20 Impreza sedan,2.0i,E5510FL000,Yes
MY20 Impreza sedan,2.0i,F0010FL000,Yes
MY20 Impreza sedan,2.0i,F0010FL000,Yes
MY20 Impreza sedan,2.0i,F0010FL000,Yes
MY20 Impreza sedan,2.0i,F0010FL000,Yes
MY20 Impreza sedan,2.0i,J1010FL001NN,No
MY20 Impreza sedan,2.0i,J1010FL001NN,Yes
MY20 Impreza sedan,2.0i,J1010FL001NN,Yes
MY20 Impreza sedan,2.0i,J1010FL001NN,Yes
MY20 Impreza sedan,2.0i,J1010FL004NN,Yes
MY20 Impreza sedan,2.0i,J1010FL004NN,Yes
MY20 Impreza sedan,2.0i,J1010FL004NN,Yes
MY20 Impreza sedan,2.0i,J1010FL004NN,Yes
MY20 Impreza sedan,2.0i,J1010FL500NN,No
MY20 Impreza sedan,2.0i,J1010FL500NN,No
MY20 Impreza sedan,2.0i,J1010FL500NN,No
MY20 Impreza sedan,2.0i,J1010FL500NN,Yes
MY20 Impreza sedan,2.0i,J501AFL000,Yes
MY20 Impreza sedan,2.0i,J501AFL000,Yes
MY20 Impreza sedan,2.0i,J501AFL000,Yes
MY20 Impreza sedan,2.0i,J501AFL000,Yes
MY20 Impreza sedan,2.0i,J5010FL100,Yes
MY20 Impreza sedan,2.0i,J5010FL100,Yes
MY20 Impreza sedan,2.0i,J5010FL100,Yes
MY20 Impreza sedan,2.0i,J5010FL100,Yes
MY20 Impreza sedan,2.0i,F4110FL000,No
MY20 Impreza sedan,2.0i,F4110FL000,Yes
MY20 Impreza sedan,2.0i,F4110FL000,Yes
MY20 Impreza sedan,2.0i,F4110FL000,Yes
MY20 Impreza sedan,2.0i,F4110FL010,No
MY20 Impreza sedan,2.0i,F4110FL010,Yes
MY20 Impreza sedan,2.0i,F4110FL010,Yes
MY20 Impreza sedan,2.0i,F4110FL010,Yes
MY20 Impreza sedan,2.0i,J1010VA600NN,Yes
MY20 Impreza sedan,2.0i,J1010VA600NN,Yes
MY20 Impreza sedan,2.0i,J1010VA600NN,Yes
MY20 Impreza sedan,2.0i,J1010VA600NN,Yes
MY20 Impreza sedan,2.0i,J101AFL000,Yes
MY20 Impreza sedan,2.0i,J101AFL000,Yes
MY20 Impreza sedan,2.0i,J101AFL000,Yes
MY20 Impreza sedan,2.0i,J101AFL000,Yes
MY20 Impreza sedan,2.0i,SAT6003,Yes
MY20 Impreza sedan,2.0i,SAT6003,Yes
MY20 Impreza sedan,2.0i,SAT6003,Yes
MY20 Impreza sedan,2.0i,SAT6003,Yes
MY20 Impreza sedan,2.0i,F0070YA000,Yes
MY20 Impreza sedan,2.0i,F0070YA000,Yes
MY20 Impreza sedan,2.0i,F0070YA000,Yes
MY20 Impreza sedan,2.0i,F0070YA000,Yes
MY20 Impreza sedan,2.0i,F0070YA001,Yes
MY20 Impreza sedan,2.0i,F0070YA001,Yes
MY20 Impreza sedan,2.0i,F0070YA001,Yes
MY20 Impreza sedan,2.0i,F0070YA001,Yes
MY20 Impreza sedan,2.0i,F0070YA002,Yes
MY20 Impreza sedan,2.0i,F0070YA002,Yes
MY20 Impreza sedan,2.0i,F0070YA002,Yes
MY20 Impreza sedan,2.0i,F0070YA002,Yes
MY20 Impreza sedan,2.0i,F0070YA003,Yes
MY20 Impreza sedan,2.0i,F0070YA003,Yes
MY20 Impreza sedan,2.0i,F0070YA003,Yes
MY20 Impreza sedan,2.0i,F0070YA003,Yes
MY20 Impreza sedan,2.0i,F0070YA004,Yes
MY20 Impreza sedan,2.0i,F0070YA004,Yes
MY20 Impreza sedan,2.0i,F0070YA004,Yes
MY20 Impreza sedan,2.0i,F0070YA004,Yes
MY20 Impreza sedan,2.0i,F0070YA005,Yes
MY20 Impreza sedan,2.0i,F0070YA005,Yes
MY20 Impreza sedan,2.0i,F0070YA005,Yes
MY20 Impreza sedan,2.0i,F0070YA005,Yes
MY20 Impreza sedan,2.0i,F0070YA006,Yes
MY20 Impreza sedan,2.0i,F0070YA006,Yes
MY20 Impreza sedan,2.0i,F0070YA006,Yes
MY20 Impreza sedan,2.0i,F0070YA006,Yes
MY20 Impreza sedan,2.0i,F0070YA007,Yes
MY20 Impreza sedan,2.0i,F0070YA007,Yes
MY20 Impreza sedan,2.0i,F0070YA007,Yes
MY20 Impreza sedan,2.0i,F0070YA007,Yes
MY20 Impreza sedan,2.0i,SAT3017,Yes
MY20 Impreza sedan,2.0i,SAT3017,Yes
MY20 Impreza sedan,2.0i,SAT3017,Yes
MY20 Impreza sedan,2.0i,SAT3017,Yes
MY20 Impreza sedan,2.0i,J501AFL100,Yes
MY20 Impreza sedan,2.0i,J501AFL100,Yes
MY20 Impreza sedan,2.0i,J501AFL100,Yes
MY20 Impreza sedan,2.0i,J501AFL100,Yes
MY20 Impreza sedan,2.0i,SAT8023,Yes
MY20 Impreza sedan,2.0i,SAT8023,Yes
MY20 Impreza sedan,2.0i,SAT8023,Yes
MY20 Impreza sedan,2.0i,SAT8023,Yes
MY20 Impreza sedan,2.0i,SAT8024,Yes
MY20 Impreza sedan,2.0i,SAT8024,Yes
MY20 Impreza sedan,2.0i,SAT8024,Yes
MY20 Impreza sedan,2.0i,SAT8024,Yes
MY20 Impreza sedan,2.0i,SAT8028,Yes
MY20 Impreza sedan,2.0i,SAT8028,Yes
MY20 Impreza sedan,2.0i,SAT8028,Yes
MY20 Impreza sedan,2.0i,SAT8028,Yes
MY20 Impreza sedan,2.0i,SAT8018,Yes
MY20 Impreza sedan,2.0i,SAT8018,Yes
MY20 Impreza sedan,2.0i,SAT8018,Yes
MY20 Impreza sedan,2.0i,SAT8018,Yes
MY20 Impreza sedan,2.0i,SAT8019,Yes
MY20 Impreza sedan,2.0i,SAT8019,Yes
MY20 Impreza sedan,2.0i,SAT8019,Yes
MY20 Impreza sedan,2.0i,SAT8019,Yes
MY20 Impreza sedan,2.0i,SA1042,Yes
MY20 Impreza sedan,2.0i,SA1042,Yes
MY20 Impreza sedan,2.0i,SA1042,Yes
MY20 Impreza sedan,2.0i,SA1042,Yes
MY20 Impreza sedan,2.0i,SAT9012,Yes
MY20 Impreza sedan,2.0i,SAT9012,Yes
MY20 Impreza sedan,2.0i,SAT9012,Yes
MY20 Impreza sedan,2.0i,SAT9012,Yes
MY20 Impreza sedan,2.0i,SAT9013,Yes
MY20 Impreza sedan,2.0i,SAT9013,Yes
MY20 Impreza sedan,2.0i,SAT9013,Yes
MY20 Impreza sedan,2.0i,SAT9013,Yes
MY20 Impreza sedan,2.0i,SA1139,Yes
MY20 Impreza sedan,2.0i,SA1139,Yes
MY20 Impreza sedan,2.0i,SA1139,Yes
MY20 Impreza sedan,2.0i,SA1139,Yes
MY20 Impreza sedan,2.0i,SAT9018,Yes
MY20 Impreza sedan,2.0i,SAT9018,Yes
MY20 Impreza sedan,2.0i,SAT9018,Yes
MY20 Impreza sedan,2.0i,SAT9018,Yes
MY20 Impreza sedan,2.0i,SAT8016,Yes
MY20 Impreza sedan,2.0i,SAT8016,Yes
MY20 Impreza sedan,2.0i,SAT8016,Yes
MY20 Impreza sedan,2.0i,SAT8016,Yes
MY20 Impreza sedan,2.0i,SAT5013,Yes
MY20 Impreza sedan,2.0i,SAT5013,Yes
MY20 Impreza sedan,2.0i,SAT5013,Yes
MY20 Impreza sedan,2.0i,SAT5013,Yes
MY20 Impreza sedan,2.0i,SAT5014,Yes
MY20 Impreza sedan,2.0i,SAT5014,Yes
MY20 Impreza sedan,2.0i,SAT5014,Yes
MY20 Impreza sedan,2.0i,SAT5014,Yes
MY20 Impreza sedan,2.0i,SAT5015,Yes
MY20 Impreza sedan,2.0i,SAT5015,Yes
MY20 Impreza sedan,2.0i,SAT5015,Yes
MY20 Impreza sedan,2.0i,SAT5015,Yes
MY20 Impreza sedan,2.0i,SAT8030,Yes
MY20 Impreza sedan,2.0i,SAT8030,Yes
MY20 Impreza sedan,2.0i,SAT8030,Yes
MY20 Impreza sedan,2.0i,SAT8030,Yes
MY20 Impreza sedan,2.0i,SAT9004,Yes
MY20 Impreza sedan,2.0i,SAT9004,Yes
MY20 Impreza sedan,2.0i,SAT9004,Yes
MY20 Impreza sedan,2.0i,SAT9004,Yes
MY20 Impreza sedan,2.0i,B327EYA000,Yes
MY20 Impreza sedan,2.0i,B327EYA000,Yes
MY20 Impreza sedan,2.0i,B327EYA000,Yes
MY20 Impreza sedan,2.0i,B327EYA000,Yes
MY20 Impreza sedan,2.0i,H481AFL400##,Yes
MY20 Impreza sedan,2.0i,H481AFL400##,Yes
MY20 Impreza sedan,2.0i,H481AFL400##,Yes
MY20 Impreza sedan,2.0i,H481AFL400##,Yes
MY20 Impreza sedan,2.0i,H481AFL100##,No
MY20 Impreza sedan,2.0i,H481AFL100##,Yes
MY20 Impreza sedan,2.0i,H481AFL100##,Yes
MY20 Impreza sedan,2.0i,H481AFL100##,Yes
MY20 Impreza sedan,2.0i,J2010FL000,Yes
MY20 Impreza sedan,2.0i,J2010FL000,Yes
MY20 Impreza sedan,2.0i,J2010FL000,Yes
MY20 Impreza sedan,2.0i,J2010FL000,Yes
MY20 Impreza sedan,2.0i,J2010FL010,Yes
MY20 Impreza sedan,2.0i,J2010FL010,Yes
MY20 Impreza sedan,2.0i,J2010FL010,Yes
MY20 Impreza sedan,2.0i,J2010FL010,Yes
MY20 Impreza sedan,2.0i,SAT9007,Yes
MY20 Impreza sedan,2.0i,SAT9007,Yes
MY20 Impreza sedan,2.0i,SAT9007,Yes
MY20 Impreza sedan,2.0i,SAT9007,Yes
MY20 Impreza sedan,2.0i,0101253000,Yes
MY20 Impreza sedan,2.0i,0101253000,Yes
MY20 Impreza sedan,2.0i,0101253000,Yes
MY20 Impreza sedan,2.0i,0101253000,Yes
MY20 Impreza sedan,2.0i,H4510FL010,No
MY20 Impreza sedan,2.0i,H4510FL010,No
MY20 Impreza sedan,2.0i,H4510FL010,No
MY20 Impreza sedan,2.0i,H4510FL010,Yes
MY20 Impreza sedan,2.0i,E2410FL020,Yes
MY20 Impreza sedan,2.0i,E2410FL020,Yes
MY20 Impreza sedan,2.0i,E2410FL020,Yes
MY20 Impreza sedan,2.0i,E2410FL020,Yes
MY20 Impreza sedan,2.0i,E2610FL010,No
MY20 Impreza sedan,2.0i,E2610FL010,No
MY20 Impreza sedan,2.0i,E2610FL010,No
MY20 Impreza sedan,2.0i,E2610FL010,Yes
MY20 Impreza sedan,2.0i,E5610FL000,Yes
MY20 Impreza sedan,2.0i,E5610FL000,Yes
MY20 Impreza sedan,2.0i,E5610FL000,Yes
MY20 Impreza sedan,2.0i,E5610FL000,Yes
MY20 Impreza sedan,2.0i,E7210FL000,Yes
MY20 Impreza sedan,2.0i,E7210FL000,Yes
MY20 Impreza sedan,2.0i,E7210FL000,Yes
MY20 Impreza sedan,2.0i,E7210FL000,Yes
MY20 Impreza sedan,2.0i,C1010FL000,Yes
MY20 Impreza sedan,2.0i,C1010FL000,Yes
MY20 Impreza sedan,2.0i,C1010FL000,Yes
MY20 Impreza sedan,2.0i,C1010FL000,Yes
MY20 Impreza sedan,2.0i,E4010FL000,Yes
MY20 Impreza sedan,2.0i,E4010FL000,Yes
MY20 Impreza sedan,2.0i,E4010FL000,Yes
MY20 Impreza sedan,2.0i,E4010FL000,Yes
MY20 Impreza sedan,2.0i,B3110FL200K,Yes
MY20 Impreza sedan,2.0i,B3110FL200K,Yes
MY20 Impreza sedan,2.0i,B3110FL200K,Yes
MY20 Impreza sedan,2.0i,B3110FL200K,Yes
MY20 Impreza sedan,2.0i,B3110FL210K,Yes
MY20 Impreza sedan,2.0i,B3110FL210K,Yes
MY20 Impreza sedan,2.0i,B3110FL210K,Yes
MY20 Impreza sedan,2.0i,B3110FL210K,Yes
MY20 Impreza sedan,2.0i,B3110FL220K,Yes
MY20 Impreza sedan,2.0i,B3110FL220K,Yes
MY20 Impreza sedan,2.0i,B3110FL220K,Yes
MY20 Impreza sedan,2.0i,B3110FL220K,Yes
MY20 Impreza sedan,2.0i,B3110FL100K,No
MY20 Impreza sedan,2.0i,B3110FL100K,No
MY20 Impreza sedan,2.0i,B3110FL100K,No
MY20 Impreza sedan,2.0i,B3110FL100K,Yes
MY20 Impreza sedan,2.0i,B3110FL110K,No
MY20 Impreza sedan,2.0i,B3110FL110K,No
MY20 Impreza sedan,2.0i,B3110FL110K,No
MY20 Impreza sedan,2.0i,B3110FL110K,Yes
MY20 Impreza sedan,2.0i,B3110FL120K,No
MY20 Impreza sedan,2.0i,B3110FL120K,No
MY20 Impreza sedan,2.0i,B3110FL120K,No
MY20 Impreza sedan,2.0i,B3110FL120K,Yes
MY20 WRX,148.02,E7710VA700,No
MY20 WRX,181.02,E7710VA700,Yes
MY20 WRX,0.30,E7710VA700,Yes
MY20 WRX,148.02,J501AVA201,No
MY20 WRX,181.02,J501AVA201,Yes
MY20 WRX,0.30,J501AVA201,Yes
MY20 WRX,148.02,M001SFJ000,No
MY20 WRX,181.02,M001SFJ000,Yes
MY20 WRX,0.30,M001SFJ000,Yes
MY20 WRX,148.02,J101SFJ000##,No
MY20 WRX,181.02,J101SFJ000##,Yes
MY20 WRX,0.30,J101SFJ000##,Yes
MY20 WRX,148.02,E3610FJ800,No
MY20 WRX,181.02,E3610FJ800,Yes
MY20 WRX,0.30,E3610FJ800,Yes
MY20 WRX,148.02,SAT6003,No
MY20 WRX,181.02,SAT6003,Yes
MY20 WRX,0.30,SAT6003,Yes
MY20 WRX,148.02,SAT3020,No
MY20 WRX,181.02,SAT3020,Yes
MY20 WRX,0.30,SAT3020,Yes
MY20 WRX,148.02,SAT3016,No
MY20 WRX,181.02,SAT3016,Yes
MY20 WRX,0.30,SAT3016,Yes
MY20 WRX,148.02,J501SFJ400,No
MY20 WRX,181.02,J501SFJ400,Yes
MY20 WRX,0.30,J501SFJ400,Yes
MY20 WRX,148.02,SAT8023,No
MY20 WRX,181.02,SAT8023,Yes
MY20 WRX,0.30,SAT8023,Yes
MY20 WRX,148.02,SAT8024,No
MY20 WRX,181.02,SAT8024,Yes
MY20 WRX,0.30,SAT8024,Yes
MY20 WRX,148.02,SAT8028,No
MY20 WRX,181.02,SAT8028,Yes
MY20 WRX,0.30,SAT8028,Yes
MY20 WRX,148.02,SAT8018,No
MY20 WRX,181.02,SAT8018,Yes
MY20 WRX,0.30,SAT8018,Yes
MY20 WRX,148.02,SAT8019,No
MY20 WRX,181.02,SAT8019,Yes
MY20 WRX,0.30,SAT8019,Yes
MY20 WRX,148.02,SA1042,No
MY20 WRX,181.02,SA1042,Yes
MY20 WRX,0.30,SA1042,Yes
MY20 WRX,148.02,SAT9012,No
MY20 WRX,181.02,SAT9012,Yes
MY20 WRX,0.30,SAT9012,Yes
MY20 WRX,148.02,SAT9013,No
MY20 WRX,181.02,SAT9013,Yes
MY20 WRX,0.30,SAT9013,Yes
MY20 WRX,148.02,SA1139,No
MY20 WRX,181.02,SA1139,Yes
MY20 WRX,0.30,SA1139,Yes
MY20 WRX,148.02,SAT9018,No
MY20 WRX,181.02,SAT9018,Yes
MY20 WRX,0.30,SAT9018,Yes
MY20 WRX,148.02,SAT8016,No
MY20 WRX,181.02,SAT8016,Yes
MY20 WRX,0.30,SAT8016,Yes
MY20 WRX,148.02,SAT5013,No
MY20 WRX,181.02,SAT5013,Yes
MY20 WRX,0.30,SAT5013,Yes
MY20 WRX,148.02,SAT5014,No
MY20 WRX,181.02,SAT5014,Yes
MY20 WRX,0.30,SAT5014,Yes
MY20 WRX,148.02,SAT8030,No
MY20 WRX,181.02,SAT8030,Yes
MY20 WRX,0.30,SAT8030,Yes
MY20 WRX,148.02,SAT9004,No
MY20 WRX,181.02,SAT9004,Yes
MY20 WRX,0.30,SAT9004,Yes
MY20 WRX,148.02,B327EYA000,No
MY20 WRX,181.02,B327EYA000,Yes
MY20 WRX,0.30,B327EYA000,Yes
MY20 WRX,25.66,H6710FJ000,No
MY20 WRX,25.66,H6710FJ000,Yes
MY20 WRX,0.00,H6710FJ000,Yes
MY20 WRX,25.66,F6010AG010,No
MY20 WRX,25.66,F6010AG010,Yes
MY20 WRX,0.00,F6010AG010,Yes
MY20 WRX,25.66,J2010AG000JD,No
MY20 WRX,25.66,J2010AG000JD,Yes
MY20 WRX,0.00,J2010AG000JD,Yes
MY20 WRX,25.66,SAT9007,No
MY20 WRX,25.66,SAT9007,Yes
MY20 WRX,0.00,SAT9007,Yes
MY20 WRX,25.66,0101253000,No
MY20 WRX,25.66,0101253000,Yes
MY20 WRX,0.00,0101253000,Yes
MY20 WRX,25.66,ST20502VV030A,No
MY20 WRX,25.66,ST20502VV030A,Yes
MY20 WRX,0.00,ST20502VV030A,Yes
MY20 WRX,25.66,C1010VA010,No
MY20 WRX,25.66,C1010VA010,Yes
MY20 WRX,0.00,C1010VA010,Yes
MY20 WRX,25.66,ST83031ST040,No
MY20 WRX,25.66,ST83031ST040,Yes
MY20 WRX,0.00,ST83031ST040,Yes
MY20 WRX,25.66,C1010SG101,No
MY20 WRX,25.66,C1010SG101,Yes
MY20 WRX,0.00,C1010SG101,Yes
MY20 WRX,25.66,C1010FG100,No
MY20 WRX,25.66,C1010FG100,Yes
MY20 WRX,0.00,C1010FG100,Yes
MY20 WRX,25.66,E2410VA030,No
MY20 WRX,25.66,E2410VA030,Yes
MY20 WRX,0.00,E2410VA030,Yes
MY20 WRX,25.66,E2610VA000,No
MY20 WRX,25.66,E2610VA000,Yes
MY20 WRX,0.00,E2610VA000,Yes
MY20 WRX,25.66,E5610VA000,No
MY20 WRX,25.66,E5610VA000,Yes
MY20 WRX,0.00,E5610VA000,Yes
MY20 WRX,25.66,E5610VA120,No
MY20 WRX,25.66,E5610VA120,Yes
MY20 WRX,0.00,E5610VA120,Yes
MY20 WRX,25.66,ST28170ST060,No
MY20 WRX,25.66,ST28170ST060,Yes
MY20 WRX,0.00,ST28170ST060,Yes
MY20 WRX,25.66,ST28102ST030,No
MY20 WRX,25.66,ST28102ST030,Yes
MY20 WRX,0.00,ST28102ST030,Yes
MY20 WRX,25.66,ST82182ST000,No
MY20 WRX,25.66,ST82182ST000,Yes
MY20 WRX,0.00,ST82182ST000,Yes
MY20 WRX,25.66,ST4511355010,No
MY20 WRX,25.66,ST4511355010,Yes
MY20 WRX,0.00,ST4511355010,Yes
MY20 WRX,25.66,ST15208ST010,No
MY20 WRX,25.66,ST15208ST010,Yes
MY20 WRX,0.00,ST15208ST010,Yes
MY20 WRX,25.66,ST15257ZR010,No
MY20 WRX,25.66,ST15257ZR010,Yes
MY20 WRX,0.00,ST15257ZR010,Yes
MY20 WRX,25.66,C1010VA100,No
MY20 WRX,25.66,C1010VA100,Yes
MY20 WRX,0.00,C1010VA100,Yes
MY20 WRX STI,222.92,J501AVA101,Yes
MY20 WRX STI,277.92,J501AVA101,Yes
MY20 WRX STI,0.50,J501AVA101,Yes
MY20 WRX STI,222.92,M001SFJ000,No
MY20 WRX STI,277.92,M001SFJ000,Yes
MY20 WRX STI,0.50,M001SFJ000,Yes
MY20 WRX STI,222.92,J101SFJ000##,Yes
MY20 WRX STI,277.92,J101SFJ000##,Yes
MY20 WRX STI,0.50,J101SFJ000##,Yes
MY20 WRX STI,222.92,E3610FJ800,Yes
MY20 WRX STI,277.92,E3610FJ800,Yes
MY20 WRX STI,0.50,E3610FJ800,Yes
MY20 WRX STI,222.92,SAT6003,Yes
MY20 WRX STI,277.92,SAT6003,Yes
MY20 WRX STI,0.50,SAT6003,Yes
MY20 WRX STI,222.92,SAT3020,Yes
MY20 WRX STI,277.92,SAT3020,Yes
MY20 WRX STI,0.50,SAT3020,Yes
MY20 WRX STI,222.92,SAT3016,Yes
MY20 WRX STI,277.92,SAT3016,Yes
MY20 WRX STI,0.50,SAT3016,Yes
MY20 WRX STI,222.92,J501SFJ400,Yes
MY20 WRX STI,277.92,J501SFJ400,Yes
MY20 WRX STI,0.50,J501SFJ400,Yes
MY20 WRX STI,222.92,SAT8023,Yes
MY20 WRX STI,277.92,SAT8023,Yes
MY20 WRX STI,0.50,SAT8023,Yes
MY20 WRX STI,222.92,SAT8024,Yes
MY20 WRX STI,277.92,SAT8024,Yes
MY20 WRX STI,0.50,SAT8024,Yes
MY20 WRX STI,222.92,SAT8028,Yes
MY20 WRX STI,277.92,SAT8028,Yes
MY20 WRX STI,0.50,SAT8028,Yes
MY20 WRX STI,222.92,SAT8018,Yes
MY20 WRX STI,277.92,SAT8018,Yes
MY20 WRX STI,0.50,SAT8018,Yes
MY20 WRX STI,222.92,SAT8019,Yes
MY20 WRX STI,277.92,SAT8019,Yes
MY20 WRX STI,0.50,SAT8019,Yes
MY20 WRX STI,222.92,SA1042,Yes
MY20 WRX STI,277.92,SA1042,Yes
MY20 WRX STI,0.50,SA1042,Yes
MY20 WRX STI,222.92,SAT9012,Yes
MY20 WRX STI,277.92,SAT9012,Yes
MY20 WRX STI,0.50,SAT9012,Yes
MY20 WRX STI,222.92,SAT9013,Yes
MY20 WRX STI,277.92,SAT9013,Yes
MY20 WRX STI,0.50,SAT9013,Yes
MY20 WRX STI,222.92,SA1139,Yes
MY20 WRX STI,277.92,SA1139,Yes
MY20 WRX STI,0.50,SA1139,Yes
MY20 WRX STI,222.92,SAT9018,Yes
MY20 WRX STI,277.92,SAT9018,Yes
MY20 WRX STI,0.50,SAT9018,Yes
MY20 WRX STI,222.92,SAT8016,Yes
MY20 WRX STI,277.92,SAT8016,Yes
MY20 WRX STI,0.50,SAT8016,Yes
MY20 WRX STI,222.92,SAT5013,Yes
MY20 WRX STI,277.92,SAT5013,Yes
MY20 WRX STI,0.50,SAT5013,Yes
MY20 WRX STI,222.92,SAT5014,Yes
MY20 WRX STI,277.92,SAT5014,Yes
MY20 WRX STI,0.50,SAT5014,Yes
MY20 WRX STI,222.92,SAT8030,Yes
MY20 WRX STI,277.92,SAT8030,Yes
MY20 WRX STI,0.50,SAT8030,Yes
MY20 WRX STI,222.92,SAT9004,Yes
MY20 WRX STI,277.92,SAT9004,Yes
MY20 WRX STI,0.50,SAT9004,Yes
MY20 WRX STI,222.92,B327EYA000,Yes
MY20 WRX STI,277.92,B327EYA000,Yes
MY20 WRX STI,0.50,B327EYA000,Yes
MY20 WRX STI,25.66,H6710FJ000,Yes
MY20 WRX STI,25.66,H6710FJ000,Yes
MY20 WRX STI,0.00,H6710FJ000,Yes
MY20 WRX STI,25.66,F6010AG010,Yes
MY20 WRX STI,25.66,F6010AG010,Yes
MY20 WRX STI,0.00,F6010AG010,Yes
MY20 WRX STI,25.66,SAT9007,Yes
MY20 WRX STI,25.66,SAT9007,Yes
MY20 WRX STI,0.00,SAT9007,Yes
MY20 WRX STI,25.66,0101253000,Yes
MY20 WRX STI,25.66,0101253000,Yes
MY20 WRX STI,0.00,0101253000,Yes
MY20 WRX STI,25.66,ST20502VV010,Yes
MY20 WRX STI,25.66,ST20502VV010,Yes
MY20 WRX STI,0.00,ST20502VV010,Yes
MY20 WRX STI,25.66,C1010FG600,Yes
MY20 WRX STI,25.66,C1010FG600,Yes
MY20 WRX STI,0.00,C1010FG600,Yes
MY20 WRX STI,25.66,ST83031ST040,Yes
MY20 WRX STI,25.66,ST83031ST040,Yes
MY20 WRX STI,0.00,ST83031ST040,Yes
MY20 WRX STI,25.66,C1010FG100,Yes
MY20 WRX STI,25.66,C1010FG100,Yes
MY20 WRX STI,0.00,C1010FG100,Yes
MY20 WRX STI,25.66,E2410VA030,Yes
MY20 WRX STI,25.66,E2410VA030,Yes
MY20 WRX STI,0.00,E2410VA030,Yes
MY20 WRX STI,25.66,E2610VA000,Yes
MY20 WRX STI,25.66,E2610VA000,Yes
MY20 WRX STI,0.00,E2610VA000,Yes
MY20 WRX STI,25.66,E5610VA000,Yes
MY20 WRX STI,25.66,E5610VA000,Yes
MY20 WRX STI,0.00,E5610VA000,Yes
MY20 WRX STI,25.66,E5610VA120,Yes
MY20 WRX STI,25.66,E5610VA120,Yes
MY20 WRX STI,0.00,E5610VA120,Yes
MY20 WRX STI,25.66,ST28170ST060,Yes
MY20 WRX STI,25.66,ST28170ST060,Yes
MY20 WRX STI,0.00,ST28170ST060,Yes
MY20 WRX STI,25.66,ST82182ST000,Yes
MY20 WRX STI,25.66,ST82182ST000,Yes
MY20 WRX STI,0.00,ST82182ST000,Yes
MY20 WRX STI,25.66,ST28102ST030,Yes
MY20 WRX STI,25.66,ST28102ST030,Yes
MY20 WRX STI,0.00,ST28102ST030,Yes
MY20 WRX STI,25.66,ST15208ST010,Yes
MY20 WRX STI,25.66,ST15208ST010,Yes
MY20 WRX STI,0.00,ST15208ST010,Yes
MY20 WRX STI,25.66,ST130284S000,Yes
MY20 WRX STI,25.66,ST130284S000,Yes
MY20 WRX STI,0.00,ST130284S000,Yes
MY20 WRX STI,25.66,ST4511355010,Yes
MY20 WRX STI,25.66,ST4511355010,Yes
MY20 WRX STI,0.00,ST4511355010,Yes
MY20 WRX STI,25.66,ST15257ZR010,Yes
MY20 WRX STI,25.66,ST15257ZR010,Yes
MY20 WRX STI,0.00,ST15257ZR010,Yes
MY20 WRX STI,25.66,C1010VA100,Yes
MY20 WRX STI,25.66,C1010VA100,Yes
MY20 WRX STI,0.00,C1010VA100,Yes
MY20 BRZ,98.74,E5610CA000,Yes
MY20 BRZ,109.74,E5610CA000,Yes
MY20 BRZ,0.10,E5610CA000,Yes
MY20 BRZ,98.74,J501ACA000,Yes
MY20 BRZ,109.74,J501ACA000,Yes
MY20 BRZ,0.10,J501ACA000,Yes
MY20 BRZ,98.74,SAT9001,No
MY20 BRZ,109.74,SAT9001,Yes
MY20 BRZ,0.10,SAT9001,Yes
MY20 BRZ,98.74,J1210CA900,Yes
MY20 BRZ,109.74,J1210CA900,Yes
MY20 BRZ,0.10,J1210CA900,Yes
MY20 BRZ,98.74,SAT6003,Yes
MY20 BRZ,109.74,SAT6003,Yes
MY20 BRZ,0.10,SAT6003,Yes
MY20 BRZ,98.74,B327EYA000,Yes
MY20 BRZ,109.74,B327EYA000,Yes
MY20 BRZ,0.10,B327EYA000,Yes
MY20 BRZ,98.74,SAC9100##,Yes
MY20 BRZ,109.74,SAC9100##,Yes
MY20 BRZ,0.10,SAC9100##,Yes
MY20 BRZ,98.74,SAC9200##,Yes
MY20 BRZ,109.74,SAC9200##,Yes
MY20 BRZ,0.10,SAC9200##,Yes
MY20 BRZ,98.74,H6710CA100,Yes
MY20 BRZ,109.74,H6710CA100,Yes
MY20 BRZ,0.10,H6710CA100,Yes
MY20 BRZ,98.74,SAT9007,Yes
MY20 BRZ,109.74,SAT9007,Yes
MY20 BRZ,0.10,SAT9007,Yes
MY20 BRZ,98.74,0101253000,Yes
MY20 BRZ,109.74,0101253000,Yes
MY20 BRZ,0.10,0101253000,Yes
MY20 BRZ,98.74,ST96020AS040,Yes
MY20 BRZ,109.74,ST96020AS040,Yes
MY20 BRZ,0.10,ST96020AS040,Yes
MY20 BRZ,98.74,ST96030AS021,Yes
MY20 BRZ,109.74,ST96030AS021,Yes
MY20 BRZ,0.10,ST96030AS021,Yes
MY20 BRZ,98.74,ST96031AS000,Yes
MY20 BRZ,109.74,ST96031AS000,Yes
MY20 BRZ,0.10,ST96031AS000,Yes
MY20 BRZ,98.74,ST96050AS030-S,No
MY20 BRZ,109.74,ST96050AS030-S,Yes
MY20 BRZ,0.10,ST96050AS030-S,Yes
MY20 BRZ,98.74,ST20502AS000-S,Yes
MY20 BRZ,109.74,ST20502AS000-S,Yes
MY20 BRZ,0.10,ST20502AS000-S,Yes
MY20 BRZ,98.74,ST20330AS000-S,No
MY20 BRZ,109.74,ST20330AS000-S,Yes
MY20 BRZ,0.10,ST20330AS000-S,Yes
MY20 BRZ,98.74,ST20380AS000-S,No
MY20 BRZ,109.74,ST20380AS000-S,Yes
MY20 BRZ,0.10,ST20380AS000-S,Yes
MY20 BRZ,98.74,STIK5400,No
MY20 BRZ,109.74,STIK5400,Yes
MY20 BRZ,0.10,STIK5400,Yes
MY20 BRZ,98.74,ST35010AS000-S,Yes
MY20 BRZ,109.74,ST35010AS000-S,Yes
MY20 BRZ,0.10,ST35010AS000-S,Yes
MY20 BRZ,98.74,ST35022ST260-S,Yes
MY20 BRZ,109.74,ST35022ST260-S,Yes
MY20 BRZ,0.10,ST35022ST260-S,Yes
MY20 BRZ,98.74,ST83031ST021,No
MY20 BRZ,109.74,ST83031ST021,Yes
MY20 BRZ,0.10,ST83031ST021,Yes
MY20 BRZ,98.74,ST20118AS000-S,No
MY20 BRZ,109.74,ST20118AS000-S,Yes
MY20 BRZ,0.10,ST20118AS000-S,Yes
MY20 BRZ,98.74,ST28102ST030,Yes
MY20 BRZ,109.74,ST28102ST030,Yes
MY20 BRZ,0.10,ST28102ST030,Yes
MY20 BRZ,98.74,ST28170ST060,Yes
MY20 BRZ,109.74,ST28170ST060,Yes
MY20 BRZ,0.10,ST28170ST060,Yes
MY20 BRZ,98.74,ST15208ST010,Yes
MY20 BRZ,109.74,ST15208ST010,Yes
MY20 BRZ,0.10,ST15208ST010,Yes
MY20 BRZ,98.74,ST15257ZR010,Yes
MY20 BRZ,109.74,ST15257ZR010,Yes
MY20 BRZ,0.10,ST15257ZR010,Yes
MY20 BRZ,98.74,ST82182ST000,Yes
MY20 BRZ,109.74,ST82182ST000,Yes
MY20 BRZ,0.10,ST82182ST000,Yes
